--
-- PostgreSQL database dump
--

-- Dumped from database version 16.1
-- Dumped by pg_dump version 16.1

SET statement_timeout = 0;
SET lock_timeout = 0;
SET idle_in_transaction_session_timeout = 0;
SET client_encoding = 'UTF8';
SET standard_conforming_strings = on;
SELECT pg_catalog.set_config('search_path', '', false);
SET check_function_bodies = false;
SET xmloption = content;
SET client_min_messages = warning;
SET row_security = off;

SET default_tablespace = '';

SET default_table_access_method = heap;

--
-- Name: accounts_purchasehistory; Type: TABLE; Schema: public; Owner: admin
--

CREATE TABLE public.accounts_purchasehistory (
    id bigint NOT NULL,
    quantity integer NOT NULL,
    created_at timestamp with time zone NOT NULL,
    modified_at timestamp with time zone NOT NULL,
    shipping_address text,
    is_delivered boolean NOT NULL,
    delivered_at timestamp with time zone,
    is_cancelled boolean NOT NULL,
    cancelled_at timestamp with time zone,
    is_returned boolean NOT NULL,
    returned_at timestamp with time zone,
    is_deleted boolean NOT NULL,
    created_date timestamp with time zone NOT NULL,
    modified_date timestamp with time zone NOT NULL,
    created_by_id bigint,
    modified_by_id bigint,
    product_id bigint NOT NULL,
    user_id bigint NOT NULL
);


ALTER TABLE public.accounts_purchasehistory OWNER TO admin;

--
-- Name: accounts_purchasehistory_id_seq; Type: SEQUENCE; Schema: public; Owner: admin
--

ALTER TABLE public.accounts_purchasehistory ALTER COLUMN id ADD GENERATED BY DEFAULT AS IDENTITY (
    SEQUENCE NAME public.accounts_purchasehistory_id_seq
    START WITH 1
    INCREMENT BY 1
    NO MINVALUE
    NO MAXVALUE
    CACHE 1
);


--
-- Name: accounts_user; Type: TABLE; Schema: public; Owner: admin
--

CREATE TABLE public.accounts_user (
    id bigint NOT NULL,
    last_login timestamp with time zone,
    is_superuser boolean NOT NULL,
    first_name character varying(150) NOT NULL,
    last_name character varying(150) NOT NULL,
    is_staff boolean NOT NULL,
    is_active boolean NOT NULL,
    date_joined timestamp with time zone NOT NULL,
    username character varying(50) NOT NULL,
    email character varying(254) NOT NULL,
    phone_number character varying(15) NOT NULL,
    password character varying(128) NOT NULL,
    is_app_user boolean,
    otp character varying(6),
    otp_expiry timestamp with time zone,
    created_at timestamp with time zone NOT NULL,
    is_deleted boolean NOT NULL,
    modified_at timestamp with time zone NOT NULL
);


ALTER TABLE public.accounts_user OWNER TO admin;

--
-- Name: accounts_user_groups; Type: TABLE; Schema: public; Owner: admin
--

CREATE TABLE public.accounts_user_groups (
    id bigint NOT NULL,
    user_id bigint NOT NULL,
    group_id integer NOT NULL
);


ALTER TABLE public.accounts_user_groups OWNER TO admin;

--
-- Name: accounts_user_groups_id_seq; Type: SEQUENCE; Schema: public; Owner: admin
--

ALTER TABLE public.accounts_user_groups ALTER COLUMN id ADD GENERATED BY DEFAULT AS IDENTITY (
    SEQUENCE NAME public.accounts_user_groups_id_seq
    START WITH 1
    INCREMENT BY 1
    NO MINVALUE
    NO MAXVALUE
    CACHE 1
);


--
-- Name: accounts_user_id_seq; Type: SEQUENCE; Schema: public; Owner: admin
--

ALTER TABLE public.accounts_user ALTER COLUMN id ADD GENERATED BY DEFAULT AS IDENTITY (
    SEQUENCE NAME public.accounts_user_id_seq
    START WITH 1
    INCREMENT BY 1
    NO MINVALUE
    NO MAXVALUE
    CACHE 1
);


--
-- Name: accounts_user_user_permissions; Type: TABLE; Schema: public; Owner: admin
--

CREATE TABLE public.accounts_user_user_permissions (
    id bigint NOT NULL,
    user_id bigint NOT NULL,
    permission_id integer NOT NULL
);


ALTER TABLE public.accounts_user_user_permissions OWNER TO admin;

--
-- Name: accounts_user_user_permissions_id_seq; Type: SEQUENCE; Schema: public; Owner: admin
--

ALTER TABLE public.accounts_user_user_permissions ALTER COLUMN id ADD GENERATED BY DEFAULT AS IDENTITY (
    SEQUENCE NAME public.accounts_user_user_permissions_id_seq
    START WITH 1
    INCREMENT BY 1
    NO MINVALUE
    NO MAXVALUE
    CACHE 1
);


--
-- Name: accounts_userprofile; Type: TABLE; Schema: public; Owner: admin
--

CREATE TABLE public.accounts_userprofile (
    id bigint NOT NULL,
    full_name character varying(100),
    address text,
    city character varying(50),
    state character varying(50),
    country character varying(50),
    pincode character varying(10),
    profile_pic character varying(100),
    user_id bigint NOT NULL,
    created_at timestamp with time zone,
    modified_at timestamp with time zone
);


ALTER TABLE public.accounts_userprofile OWNER TO admin;

--
-- Name: accounts_userprofile_id_seq; Type: SEQUENCE; Schema: public; Owner: admin
--

ALTER TABLE public.accounts_userprofile ALTER COLUMN id ADD GENERATED BY DEFAULT AS IDENTITY (
    SEQUENCE NAME public.accounts_userprofile_id_seq
    START WITH 1
    INCREMENT BY 1
    NO MINVALUE
    NO MAXVALUE
    CACHE 1
);


--
-- Name: auth_group; Type: TABLE; Schema: public; Owner: admin
--

CREATE TABLE public.auth_group (
    id integer NOT NULL,
    name character varying(150) NOT NULL
);


ALTER TABLE public.auth_group OWNER TO admin;

--
-- Name: auth_group_id_seq; Type: SEQUENCE; Schema: public; Owner: admin
--

ALTER TABLE public.auth_group ALTER COLUMN id ADD GENERATED BY DEFAULT AS IDENTITY (
    SEQUENCE NAME public.auth_group_id_seq
    START WITH 1
    INCREMENT BY 1
    NO MINVALUE
    NO MAXVALUE
    CACHE 1
);


--
-- Name: auth_group_permissions; Type: TABLE; Schema: public; Owner: admin
--

CREATE TABLE public.auth_group_permissions (
    id bigint NOT NULL,
    group_id integer NOT NULL,
    permission_id integer NOT NULL
);


ALTER TABLE public.auth_group_permissions OWNER TO admin;

--
-- Name: auth_group_permissions_id_seq; Type: SEQUENCE; Schema: public; Owner: admin
--

ALTER TABLE public.auth_group_permissions ALTER COLUMN id ADD GENERATED BY DEFAULT AS IDENTITY (
    SEQUENCE NAME public.auth_group_permissions_id_seq
    START WITH 1
    INCREMENT BY 1
    NO MINVALUE
    NO MAXVALUE
    CACHE 1
);


--
-- Name: auth_permission; Type: TABLE; Schema: public; Owner: admin
--

CREATE TABLE public.auth_permission (
    id integer NOT NULL,
    name character varying(255) NOT NULL,
    content_type_id integer NOT NULL,
    codename character varying(100) NOT NULL
);


ALTER TABLE public.auth_permission OWNER TO admin;

--
-- Name: auth_permission_id_seq; Type: SEQUENCE; Schema: public; Owner: admin
--

ALTER TABLE public.auth_permission ALTER COLUMN id ADD GENERATED BY DEFAULT AS IDENTITY (
    SEQUENCE NAME public.auth_permission_id_seq
    START WITH 1
    INCREMENT BY 1
    NO MINVALUE
    NO MAXVALUE
    CACHE 1
);


--
-- Name: django_admin_log; Type: TABLE; Schema: public; Owner: admin
--

CREATE TABLE public.django_admin_log (
    id integer NOT NULL,
    action_time timestamp with time zone NOT NULL,
    object_id text,
    object_repr character varying(200) NOT NULL,
    action_flag smallint NOT NULL,
    change_message text NOT NULL,
    content_type_id integer,
    user_id bigint NOT NULL,
    CONSTRAINT django_admin_log_action_flag_check CHECK ((action_flag >= 0))
);


ALTER TABLE public.django_admin_log OWNER TO admin;

--
-- Name: django_admin_log_id_seq; Type: SEQUENCE; Schema: public; Owner: admin
--

ALTER TABLE public.django_admin_log ALTER COLUMN id ADD GENERATED BY DEFAULT AS IDENTITY (
    SEQUENCE NAME public.django_admin_log_id_seq
    START WITH 1
    INCREMENT BY 1
    NO MINVALUE
    NO MAXVALUE
    CACHE 1
);


--
-- Name: django_content_type; Type: TABLE; Schema: public; Owner: admin
--

CREATE TABLE public.django_content_type (
    id integer NOT NULL,
    app_label character varying(100) NOT NULL,
    model character varying(100) NOT NULL
);


ALTER TABLE public.django_content_type OWNER TO admin;

--
-- Name: django_content_type_id_seq; Type: SEQUENCE; Schema: public; Owner: admin
--

ALTER TABLE public.django_content_type ALTER COLUMN id ADD GENERATED BY DEFAULT AS IDENTITY (
    SEQUENCE NAME public.django_content_type_id_seq
    START WITH 1
    INCREMENT BY 1
    NO MINVALUE
    NO MAXVALUE
    CACHE 1
);


--
-- Name: django_migrations; Type: TABLE; Schema: public; Owner: admin
--

CREATE TABLE public.django_migrations (
    id bigint NOT NULL,
    app character varying(255) NOT NULL,
    name character varying(255) NOT NULL,
    applied timestamp with time zone NOT NULL
);


ALTER TABLE public.django_migrations OWNER TO admin;

--
-- Name: django_migrations_id_seq; Type: SEQUENCE; Schema: public; Owner: admin
--

ALTER TABLE public.django_migrations ALTER COLUMN id ADD GENERATED BY DEFAULT AS IDENTITY (
    SEQUENCE NAME public.django_migrations_id_seq
    START WITH 1
    INCREMENT BY 1
    NO MINVALUE
    NO MAXVALUE
    CACHE 1
);


--
-- Name: django_session; Type: TABLE; Schema: public; Owner: admin
--

CREATE TABLE public.django_session (
    session_key character varying(40) NOT NULL,
    session_data text NOT NULL,
    expire_date timestamp with time zone NOT NULL
);


ALTER TABLE public.django_session OWNER TO admin;

--
-- Name: oauth2_provider_accesstoken; Type: TABLE; Schema: public; Owner: admin
--

CREATE TABLE public.oauth2_provider_accesstoken (
    id bigint NOT NULL,
    token character varying(255) NOT NULL,
    expires timestamp with time zone NOT NULL,
    scope text NOT NULL,
    application_id bigint,
    user_id bigint,
    created timestamp with time zone NOT NULL,
    updated timestamp with time zone NOT NULL,
    source_refresh_token_id bigint,
    id_token_id bigint
);


ALTER TABLE public.oauth2_provider_accesstoken OWNER TO admin;

--
-- Name: oauth2_provider_accesstoken_id_seq; Type: SEQUENCE; Schema: public; Owner: admin
--

ALTER TABLE public.oauth2_provider_accesstoken ALTER COLUMN id ADD GENERATED BY DEFAULT AS IDENTITY (
    SEQUENCE NAME public.oauth2_provider_accesstoken_id_seq
    START WITH 1
    INCREMENT BY 1
    NO MINVALUE
    NO MAXVALUE
    CACHE 1
);


--
-- Name: oauth2_provider_application; Type: TABLE; Schema: public; Owner: admin
--

CREATE TABLE public.oauth2_provider_application (
    id bigint NOT NULL,
    client_id character varying(100) NOT NULL,
    redirect_uris text NOT NULL,
    client_type character varying(32) NOT NULL,
    authorization_grant_type character varying(32) NOT NULL,
    client_secret character varying(255) NOT NULL,
    name character varying(255) NOT NULL,
    user_id bigint,
    skip_authorization boolean NOT NULL,
    created timestamp with time zone NOT NULL,
    updated timestamp with time zone NOT NULL,
    algorithm character varying(5) NOT NULL,
    post_logout_redirect_uris text NOT NULL
);


ALTER TABLE public.oauth2_provider_application OWNER TO admin;

--
-- Name: oauth2_provider_application_id_seq; Type: SEQUENCE; Schema: public; Owner: admin
--

ALTER TABLE public.oauth2_provider_application ALTER COLUMN id ADD GENERATED BY DEFAULT AS IDENTITY (
    SEQUENCE NAME public.oauth2_provider_application_id_seq
    START WITH 1
    INCREMENT BY 1
    NO MINVALUE
    NO MAXVALUE
    CACHE 1
);


--
-- Name: oauth2_provider_grant; Type: TABLE; Schema: public; Owner: admin
--

CREATE TABLE public.oauth2_provider_grant (
    id bigint NOT NULL,
    code character varying(255) NOT NULL,
    expires timestamp with time zone NOT NULL,
    redirect_uri text NOT NULL,
    scope text NOT NULL,
    application_id bigint NOT NULL,
    user_id bigint NOT NULL,
    created timestamp with time zone NOT NULL,
    updated timestamp with time zone NOT NULL,
    code_challenge character varying(128) NOT NULL,
    code_challenge_method character varying(10) NOT NULL,
    nonce character varying(255) NOT NULL,
    claims text NOT NULL
);


ALTER TABLE public.oauth2_provider_grant OWNER TO admin;

--
-- Name: oauth2_provider_grant_id_seq; Type: SEQUENCE; Schema: public; Owner: admin
--

ALTER TABLE public.oauth2_provider_grant ALTER COLUMN id ADD GENERATED BY DEFAULT AS IDENTITY (
    SEQUENCE NAME public.oauth2_provider_grant_id_seq
    START WITH 1
    INCREMENT BY 1
    NO MINVALUE
    NO MAXVALUE
    CACHE 1
);


--
-- Name: oauth2_provider_idtoken; Type: TABLE; Schema: public; Owner: admin
--

CREATE TABLE public.oauth2_provider_idtoken (
    id bigint NOT NULL,
    jti uuid NOT NULL,
    expires timestamp with time zone NOT NULL,
    scope text NOT NULL,
    created timestamp with time zone NOT NULL,
    updated timestamp with time zone NOT NULL,
    application_id bigint,
    user_id bigint
);


ALTER TABLE public.oauth2_provider_idtoken OWNER TO admin;

--
-- Name: oauth2_provider_idtoken_id_seq; Type: SEQUENCE; Schema: public; Owner: admin
--

ALTER TABLE public.oauth2_provider_idtoken ALTER COLUMN id ADD GENERATED BY DEFAULT AS IDENTITY (
    SEQUENCE NAME public.oauth2_provider_idtoken_id_seq
    START WITH 1
    INCREMENT BY 1
    NO MINVALUE
    NO MAXVALUE
    CACHE 1
);


--
-- Name: oauth2_provider_refreshtoken; Type: TABLE; Schema: public; Owner: admin
--

CREATE TABLE public.oauth2_provider_refreshtoken (
    id bigint NOT NULL,
    token character varying(255) NOT NULL,
    access_token_id bigint,
    application_id bigint NOT NULL,
    user_id bigint NOT NULL,
    created timestamp with time zone NOT NULL,
    updated timestamp with time zone NOT NULL,
    revoked timestamp with time zone
);


ALTER TABLE public.oauth2_provider_refreshtoken OWNER TO admin;

--
-- Name: oauth2_provider_refreshtoken_id_seq; Type: SEQUENCE; Schema: public; Owner: admin
--

ALTER TABLE public.oauth2_provider_refreshtoken ALTER COLUMN id ADD GENERATED BY DEFAULT AS IDENTITY (
    SEQUENCE NAME public.oauth2_provider_refreshtoken_id_seq
    START WITH 1
    INCREMENT BY 1
    NO MINVALUE
    NO MAXVALUE
    CACHE 1
);


--
-- Name: orders_order; Type: TABLE; Schema: public; Owner: admin
--

CREATE TABLE public.orders_order (
    id bigint NOT NULL,
    total numeric(10,2) NOT NULL,
    date timestamp with time zone NOT NULL,
    user_id bigint NOT NULL
);


ALTER TABLE public.orders_order OWNER TO admin;

--
-- Name: orders_order_id_seq; Type: SEQUENCE; Schema: public; Owner: admin
--

ALTER TABLE public.orders_order ALTER COLUMN id ADD GENERATED BY DEFAULT AS IDENTITY (
    SEQUENCE NAME public.orders_order_id_seq
    START WITH 1
    INCREMENT BY 1
    NO MINVALUE
    NO MAXVALUE
    CACHE 1
);


--
-- Name: orders_orderitem; Type: TABLE; Schema: public; Owner: admin
--

CREATE TABLE public.orders_orderitem (
    id bigint NOT NULL,
    quantity integer NOT NULL,
    price numeric(10,2) NOT NULL,
    order_id bigint NOT NULL,
    product_id bigint NOT NULL
);


ALTER TABLE public.orders_orderitem OWNER TO admin;

--
-- Name: orders_orderitem_id_seq; Type: SEQUENCE; Schema: public; Owner: admin
--

ALTER TABLE public.orders_orderitem ALTER COLUMN id ADD GENERATED BY DEFAULT AS IDENTITY (
    SEQUENCE NAME public.orders_orderitem_id_seq
    START WITH 1
    INCREMENT BY 1
    NO MINVALUE
    NO MAXVALUE
    CACHE 1
);


--
-- Name: orders_orderpayment; Type: TABLE; Schema: public; Owner: admin
--

CREATE TABLE public.orders_orderpayment (
    id bigint NOT NULL,
    payment_type character varying(10) NOT NULL,
    date timestamp with time zone NOT NULL,
    stripe_payment_id character varying(100),
    order_id bigint NOT NULL
);


ALTER TABLE public.orders_orderpayment OWNER TO admin;

--
-- Name: orders_orderpayment_id_seq; Type: SEQUENCE; Schema: public; Owner: admin
--

ALTER TABLE public.orders_orderpayment ALTER COLUMN id ADD GENERATED BY DEFAULT AS IDENTITY (
    SEQUENCE NAME public.orders_orderpayment_id_seq
    START WITH 1
    INCREMENT BY 1
    NO MINVALUE
    NO MAXVALUE
    CACHE 1
);


--
-- Name: orders_orderstatus; Type: TABLE; Schema: public; Owner: admin
--

CREATE TABLE public.orders_orderstatus (
    id bigint NOT NULL,
    status character varying(20) NOT NULL,
    updated_at timestamp with time zone NOT NULL,
    order_id bigint NOT NULL
);


ALTER TABLE public.orders_orderstatus OWNER TO admin;

--
-- Name: orders_orderstatus_id_seq; Type: SEQUENCE; Schema: public; Owner: admin
--

ALTER TABLE public.orders_orderstatus ALTER COLUMN id ADD GENERATED BY DEFAULT AS IDENTITY (
    SEQUENCE NAME public.orders_orderstatus_id_seq
    START WITH 1
    INCREMENT BY 1
    NO MINVALUE
    NO MAXVALUE
    CACHE 1
);


--
-- Name: products_category; Type: TABLE; Schema: public; Owner: admin
--

CREATE TABLE public.products_category (
    id bigint NOT NULL,
    name character varying(50) NOT NULL,
    parent_category_id bigint
);


ALTER TABLE public.products_category OWNER TO admin;

--
-- Name: products_category_id_seq; Type: SEQUENCE; Schema: public; Owner: admin
--

ALTER TABLE public.products_category ALTER COLUMN id ADD GENERATED BY DEFAULT AS IDENTITY (
    SEQUENCE NAME public.products_category_id_seq
    START WITH 1
    INCREMENT BY 1
    NO MINVALUE
    NO MAXVALUE
    CACHE 1
);


--
-- Name: products_image; Type: TABLE; Schema: public; Owner: admin
--

CREATE TABLE public.products_image (
    id bigint NOT NULL,
    image character varying(100) NOT NULL,
    created_at timestamp with time zone NOT NULL,
    modified_at timestamp with time zone NOT NULL,
    product_id bigint NOT NULL
);


ALTER TABLE public.products_image OWNER TO admin;

--
-- Name: products_image_id_seq; Type: SEQUENCE; Schema: public; Owner: admin
--

ALTER TABLE public.products_image ALTER COLUMN id ADD GENERATED BY DEFAULT AS IDENTITY (
    SEQUENCE NAME public.products_image_id_seq
    START WITH 1
    INCREMENT BY 1
    NO MINVALUE
    NO MAXVALUE
    CACHE 1
);


--
-- Name: products_product; Type: TABLE; Schema: public; Owner: admin
--

CREATE TABLE public.products_product (
    id bigint NOT NULL,
    name character varying(50) NOT NULL,
    description character varying(100) NOT NULL,
    price numeric(10,2) NOT NULL,
    quantity integer NOT NULL,
    created_at timestamp with time zone NOT NULL,
    created_by_id bigint,
    modified_at timestamp with time zone NOT NULL,
    tags character varying(100),
    category_id bigint,
    stripe_price_id character varying(50)
);


ALTER TABLE public.products_product OWNER TO admin;

--
-- Name: products_product_id_seq; Type: SEQUENCE; Schema: public; Owner: admin
--

ALTER TABLE public.products_product ALTER COLUMN id ADD GENERATED BY DEFAULT AS IDENTITY (
    SEQUENCE NAME public.products_product_id_seq
    START WITH 1
    INCREMENT BY 1
    NO MINVALUE
    NO MAXVALUE
    CACHE 1
);


--
-- Name: products_productcategory; Type: TABLE; Schema: public; Owner: admin
--

CREATE TABLE public.products_productcategory (
    id bigint NOT NULL,
    created_at timestamp with time zone NOT NULL,
    modified_at timestamp with time zone NOT NULL,
    category_id bigint NOT NULL,
    product_id bigint NOT NULL
);


ALTER TABLE public.products_productcategory OWNER TO admin;

--
-- Name: products_productcategory_id_seq; Type: SEQUENCE; Schema: public; Owner: admin
--

ALTER TABLE public.products_productcategory ALTER COLUMN id ADD GENERATED BY DEFAULT AS IDENTITY (
    SEQUENCE NAME public.products_productcategory_id_seq
    START WITH 1
    INCREMENT BY 1
    NO MINVALUE
    NO MAXVALUE
    CACHE 1
);


--
-- Name: products_review; Type: TABLE; Schema: public; Owner: admin
--

CREATE TABLE public.products_review (
    id bigint NOT NULL,
    stars integer NOT NULL,
    title character varying(100) NOT NULL,
    comment text NOT NULL,
    product_id bigint NOT NULL,
    created_at timestamp with time zone NOT NULL,
    user_id bigint NOT NULL
);


ALTER TABLE public.products_review OWNER TO admin;

--
-- Name: products_review_id_seq; Type: SEQUENCE; Schema: public; Owner: admin
--

ALTER TABLE public.products_review ALTER COLUMN id ADD GENERATED BY DEFAULT AS IDENTITY (
    SEQUENCE NAME public.products_review_id_seq
    START WITH 1
    INCREMENT BY 1
    NO MINVALUE
    NO MAXVALUE
    CACHE 1
);


--
-- Name: shop_cart; Type: TABLE; Schema: public; Owner: admin
--

CREATE TABLE public.shop_cart (
    id bigint NOT NULL,
    created_at timestamp with time zone NOT NULL,
    modified_at timestamp with time zone NOT NULL,
    user_id bigint NOT NULL
);


ALTER TABLE public.shop_cart OWNER TO admin;

--
-- Name: shop_cart_id_seq; Type: SEQUENCE; Schema: public; Owner: admin
--

ALTER TABLE public.shop_cart ALTER COLUMN id ADD GENERATED BY DEFAULT AS IDENTITY (
    SEQUENCE NAME public.shop_cart_id_seq
    START WITH 1
    INCREMENT BY 1
    NO MINVALUE
    NO MAXVALUE
    CACHE 1
);


--
-- Name: shop_cartitem; Type: TABLE; Schema: public; Owner: admin
--

CREATE TABLE public.shop_cartitem (
    id bigint NOT NULL,
    quantity integer NOT NULL,
    subtotal numeric(10,2) NOT NULL,
    created_at timestamp with time zone NOT NULL,
    modified_at timestamp with time zone NOT NULL,
    cart_id bigint NOT NULL,
    product_id bigint NOT NULL,
    CONSTRAINT shop_cartitem_quantity_check CHECK ((quantity >= 0))
);


ALTER TABLE public.shop_cartitem OWNER TO admin;

--
-- Name: shop_cartitem_id_seq; Type: SEQUENCE; Schema: public; Owner: admin
--

ALTER TABLE public.shop_cartitem ALTER COLUMN id ADD GENERATED BY DEFAULT AS IDENTITY (
    SEQUENCE NAME public.shop_cartitem_id_seq
    START WITH 1
    INCREMENT BY 1
    NO MINVALUE
    NO MAXVALUE
    CACHE 1
);


--
-- Data for Name: accounts_purchasehistory; Type: TABLE DATA; Schema: public; Owner: admin
--

COPY public.accounts_purchasehistory (id, quantity, created_at, modified_at, shipping_address, is_delivered, delivered_at, is_cancelled, cancelled_at, is_returned, returned_at, is_deleted, created_date, modified_date, created_by_id, modified_by_id, product_id, user_id) FROM stdin;
\.


--
-- Data for Name: accounts_user; Type: TABLE DATA; Schema: public; Owner: admin
--

COPY public.accounts_user (id, last_login, is_superuser, first_name, last_name, is_staff, is_active, date_joined, username, email, phone_number, password, is_app_user, otp, otp_expiry, created_at, is_deleted, modified_at) FROM stdin;
7	\N	f			f	t	2024-01-25 13:25:15.632+05:30	qwerty	2@1.com	123465798	pbkdf2_sha256$720000$la5wrSqrbRlYrgm9nEiX8G$YRtlYpF3TGNS/eVdAj3s4y14g1/Z76CSTYmOgTmP0rk=	f	\N	\N	2024-02-15 12:40:41.852035+05:30	f	2024-02-15 12:40:41.871538+05:30
9	\N	f			f	t	2024-02-01 16:08:38.53828+05:30	asdfgh	2@2.com	7698456123	pbkdf2_sha256$720000$WTDm80nEP9h6WveN6cpMHB$HOTIVOHMCVrk3un5YvufpTasujXn4VdlLt2dkLYAnXA=	f	\N	\N	2024-02-15 12:40:41.852035+05:30	f	2024-02-15 12:40:41.871538+05:30
10	\N	f			f	t	2024-02-01 20:18:22.121924+05:30	asdfg	3@2.com	7698456123	pbkdf2_sha256$720000$RxYBjxZDgq4gT7QLrhpTgL$bhKhsHGXVmNaotZVG9b6js6krHzYxSLl2QbcKkxn1dU=	f	\N	\N	2024-02-15 12:40:41.852035+05:30	f	2024-02-15 12:40:41.871538+05:30
11	\N	f			f	t	2024-02-01 23:24:03.511463+05:30	uwrcbdi	4@2.com	7698456123	pbkdf2_sha256$720000$MTFDKtiLJwZzq8UbEUHq72$YRGtVs5EgS0Wq1ByE3KwH6nW0hd/LXggyz6Yskq2w0I=	f	\N	\N	2024-02-15 12:40:41.852035+05:30	f	2024-02-15 12:40:41.871538+05:30
79	\N	f			f	t	2024-02-21 14:31:54.465242+05:30	noob2	noob2@mailinator.com	234	pbkdf2_sha256$720000$jCZrvseOYF5vhWzP9EnwWx$bEtDp1RX5mErzp6uXf8/0HB2tuDGYC2EQdabWIh8EKk=	f	9218	2024-02-21 14:36:54.471259+05:30	2024-02-21 14:31:54.465242+05:30	f	2024-02-21 14:31:54.471259+05:30
16	\N	f			f	t	2024-02-02 15:15:46.53691+05:30	appuser	appuser@mailinator.com		pbkdf2_sha256$720000$ucKhl2zqYki5nVW7hOraMw$LZcIpqp3VOt0Opskb6kfhVVgXAxef5FiyZV53vhQVvc=	t	\N	\N	2024-02-15 12:40:41.852035+05:30	f	2024-02-15 12:40:41.871538+05:30
78	\N	f			f	t	2024-02-21 13:42:53.399363+05:30	noob1	noob1@mailinator.com	123	pbkdf2_sha256$720000$vhsg1V5OhNCNKJhyx9izaF$vuZD41oOXXWQ/koK35r3lHjj7AgykmTHWsuwg+HpaPc=	t	4344	2024-02-21 13:47:53.408035+05:30	2024-02-21 13:42:53.400363+05:30	f	2024-02-21 13:42:53.408035+05:30
8	2024-03-23 12:15:44.253258+05:30	t			t	t	2024-01-25 13:26:22.079+05:30	admin	admin@mailinator.com		pbkdf2_sha256$720000$PnDfrubHgBlJVIKu53aFF2$CYa+wIbY6FPahywz3AsflVlp5H54c0DdrrCz5C/+gA4=	t	\N	\N	2024-02-15 12:40:41.852035+05:30	f	2024-02-21 12:15:24.424453+05:30
72	\N	f			f	t	2024-02-14 15:22:02.257337+05:30	noob	noob@mailinator.com	123	pbkdf2_sha256$720000$2MMrNzQqov4qqvx4edRA5d$ZxygrOjeUSdPOQcC9W4tuKGCqRjYpm2OZCfklVdTELE=	t	\N	\N	2024-02-15 12:40:41.852035+05:30	f	2024-02-15 12:40:41.871538+05:30
\.


--
-- Data for Name: accounts_user_groups; Type: TABLE DATA; Schema: public; Owner: admin
--

COPY public.accounts_user_groups (id, user_id, group_id) FROM stdin;
\.


--
-- Data for Name: accounts_user_user_permissions; Type: TABLE DATA; Schema: public; Owner: admin
--

COPY public.accounts_user_user_permissions (id, user_id, permission_id) FROM stdin;
\.


--
-- Data for Name: accounts_userprofile; Type: TABLE DATA; Schema: public; Owner: admin
--

COPY public.accounts_userprofile (id, full_name, address, city, state, country, pincode, profile_pic, user_id, created_at, modified_at) FROM stdin;
1	iam noob	#123, sector 12	chandigarh	\N	\N	\N		16	2024-02-16 13:29:24.60583+05:30	2024-02-16 13:34:03.889691+05:30
2	main admin nahi hoon	\N	\N	\N	\N	\N		8	2024-02-21 12:23:07.587592+05:30	2024-02-21 12:26:54.524341+05:30
3	main noob hoon :(	apan homeless hai T_T	\N	\N	\N	\N		72	2024-02-21 12:32:12.132412+05:30	2024-03-12 12:10:16.925432+05:30
\.


--
-- Data for Name: auth_group; Type: TABLE DATA; Schema: public; Owner: admin
--

COPY public.auth_group (id, name) FROM stdin;
\.


--
-- Data for Name: auth_group_permissions; Type: TABLE DATA; Schema: public; Owner: admin
--

COPY public.auth_group_permissions (id, group_id, permission_id) FROM stdin;
\.


--
-- Data for Name: auth_permission; Type: TABLE DATA; Schema: public; Owner: admin
--

COPY public.auth_permission (id, name, content_type_id, codename) FROM stdin;
1	Can add log entry	1	add_logentry
2	Can change log entry	1	change_logentry
3	Can delete log entry	1	delete_logentry
4	Can view log entry	1	view_logentry
5	Can add permission	2	add_permission
6	Can change permission	2	change_permission
7	Can delete permission	2	delete_permission
8	Can view permission	2	view_permission
9	Can add group	3	add_group
10	Can change group	3	change_group
11	Can delete group	3	delete_group
12	Can view group	3	view_group
13	Can add content type	4	add_contenttype
14	Can change content type	4	change_contenttype
15	Can delete content type	4	delete_contenttype
16	Can view content type	4	view_contenttype
17	Can add session	5	add_session
18	Can change session	5	change_session
19	Can delete session	5	delete_session
20	Can view session	5	view_session
21	Can add application	6	add_application
22	Can change application	6	change_application
23	Can delete application	6	delete_application
24	Can view application	6	view_application
25	Can add access token	7	add_accesstoken
26	Can change access token	7	change_accesstoken
27	Can delete access token	7	delete_accesstoken
28	Can view access token	7	view_accesstoken
29	Can add grant	8	add_grant
30	Can change grant	8	change_grant
31	Can delete grant	8	delete_grant
32	Can view grant	8	view_grant
33	Can add refresh token	9	add_refreshtoken
34	Can change refresh token	9	change_refreshtoken
35	Can delete refresh token	9	delete_refreshtoken
36	Can view refresh token	9	view_refreshtoken
37	Can add id token	10	add_idtoken
38	Can change id token	10	change_idtoken
39	Can delete id token	10	delete_idtoken
40	Can view id token	10	view_idtoken
41	Can add user	11	add_user
42	Can change user	11	change_user
43	Can delete user	11	delete_user
44	Can view user	11	view_user
45	Can add product	12	add_product
46	Can change product	12	change_product
47	Can delete product	12	delete_product
48	Can view product	12	view_product
49	Can add user profile	13	add_userprofile
50	Can change user profile	13	change_userprofile
51	Can delete user profile	13	delete_userprofile
52	Can view user profile	13	view_userprofile
53	Can add purchase history	14	add_purchasehistory
54	Can change purchase history	14	change_purchasehistory
55	Can delete purchase history	14	delete_purchasehistory
56	Can view purchase history	14	view_purchasehistory
57	Can add review	15	add_review
58	Can change review	15	change_review
59	Can delete review	15	delete_review
60	Can view review	15	view_review
61	Can add category	16	add_category
62	Can change category	16	change_category
63	Can delete category	16	delete_category
64	Can view category	16	view_category
65	Can add image	17	add_image
66	Can change image	17	change_image
67	Can delete image	17	delete_image
68	Can view image	17	view_image
69	Can add product category	18	add_productcategory
70	Can change product category	18	change_productcategory
71	Can delete product category	18	delete_productcategory
72	Can view product category	18	view_productcategory
73	Can add cart item	19	add_cartitem
74	Can change cart item	19	change_cartitem
75	Can delete cart item	19	delete_cartitem
76	Can view cart item	19	view_cartitem
77	Can add cart	20	add_cart
78	Can change cart	20	change_cart
79	Can delete cart	20	delete_cart
80	Can view cart	20	view_cart
81	Can add order payment	21	add_orderpayment
82	Can change order payment	21	change_orderpayment
83	Can delete order payment	21	delete_orderpayment
84	Can view order payment	21	view_orderpayment
85	Can add order status	22	add_orderstatus
86	Can change order status	22	change_orderstatus
87	Can delete order status	22	delete_orderstatus
88	Can view order status	22	view_orderstatus
89	Can add order	23	add_order
90	Can change order	23	change_order
91	Can delete order	23	delete_order
92	Can view order	23	view_order
93	Can add order item	24	add_orderitem
94	Can change order item	24	change_orderitem
95	Can delete order item	24	delete_orderitem
96	Can view order item	24	view_orderitem
\.


--
-- Data for Name: django_admin_log; Type: TABLE DATA; Schema: public; Owner: admin
--

COPY public.django_admin_log (id, action_time, object_id, object_repr, action_flag, change_message, content_type_id, user_id) FROM stdin;
1	2024-01-31 14:38:26.818238+05:30	4	accounts	2	[{"changed": {"fields": ["Authorization grant type"]}}]	6	8
2	2024-01-31 14:41:33.555345+05:30	4	accounts	3		6	8
3	2024-01-31 14:42:04.877134+05:30	5	8dQRhNzLuYDcemjhT3t2w2TqTx0ZuswmLwAzvfkX	1	[{"added": {}}]	6	8
4	2024-02-01 23:26:21.250953+05:30	5	accounts	2	[{"changed": {"fields": ["Name"]}}]	6	8
5	2024-02-02 13:50:41.62003+05:30	6	KH3oUrBGkNqGMhX6oU5bPAneaClRzzjrI6EVhhih	1	[{"added": {}}]	6	8
6	2024-02-02 13:51:10.143143+05:30	6	public	2	[{"changed": {"fields": ["Name"]}}]	6	8
7	2024-02-02 14:36:04.410505+05:30	6	public	3		6	8
8	2024-02-02 14:36:37.86794+05:30	7	AsODkgXJOtRitNmJDPv6unttEj7y11sh8qFpHZkL	1	[{"added": {}}]	6	8
9	2024-02-02 14:36:54.204206+05:30	5	accounts	3		6	8
10	2024-02-02 14:37:06.649402+05:30	7	AsODkgXJOtRitNmJDPv6unttEj7y11sh8qFpHZkL	2	[{"changed": {"fields": ["Authorization grant type"]}}]	6	8
11	2024-02-02 14:42:19.865977+05:30	7	AsODkgXJOtRitNmJDPv6unttEj7y11sh8qFpHZkL	2	[{"changed": {"fields": ["Authorization grant type"]}}]	6	8
12	2024-02-02 14:45:10.163979+05:30	7	AsODkgXJOtRitNmJDPv6unttEj7y11sh8qFpHZkL	2	[{"changed": {"fields": ["Authorization grant type"]}}]	6	8
13	2024-02-02 14:58:18.651109+05:30	7	AsODkgXJOtRitNmJDPv6unttEj7y11sh8qFpHZkL	3		6	8
14	2024-02-02 15:12:41.132004+05:30	8	ecommerce	3		6	8
15	2024-02-02 15:18:23.98782+05:30	9	ecommerce	3		6	8
16	2024-02-02 15:19:01.542389+05:30	10	XXqiNqMi9d3039aLr9xVhuwVPC6a72l1bU4sifWb	1	[{"added": {}}]	6	8
17	2024-02-02 15:19:05.579165+05:30	10	XXqiNqMi9d3039aLr9xVhuwVPC6a72l1bU4sifWb	2	[]	6	8
18	2024-03-08 20:09:29.832535+05:30	1	Image for bAss	1	[{"added": {}}]	17	8
\.


--
-- Data for Name: django_content_type; Type: TABLE DATA; Schema: public; Owner: admin
--

COPY public.django_content_type (id, app_label, model) FROM stdin;
1	admin	logentry
2	auth	permission
3	auth	group
4	contenttypes	contenttype
5	sessions	session
6	oauth2_provider	application
7	oauth2_provider	accesstoken
8	oauth2_provider	grant
9	oauth2_provider	refreshtoken
10	oauth2_provider	idtoken
11	accounts	user
12	products	product
13	accounts	userprofile
14	accounts	purchasehistory
15	products	review
16	products	category
17	products	image
18	products	productcategory
19	shop	cartitem
20	shop	cart
21	orders	orderpayment
22	orders	orderstatus
23	orders	order
24	orders	orderitem
\.


--
-- Data for Name: django_migrations; Type: TABLE DATA; Schema: public; Owner: admin
--

COPY public.django_migrations (id, app, name, applied) FROM stdin;
1	contenttypes	0001_initial	2024-01-29 11:11:06.927565+05:30
2	contenttypes	0002_remove_content_type_name	2024-01-29 11:11:06.934928+05:30
3	auth	0001_initial	2024-01-29 11:11:06.980696+05:30
4	auth	0002_alter_permission_name_max_length	2024-01-29 11:11:06.984249+05:30
5	auth	0003_alter_user_email_max_length	2024-01-29 11:11:06.989658+05:30
6	auth	0004_alter_user_username_opts	2024-01-29 11:11:06.995549+05:30
7	auth	0005_alter_user_last_login_null	2024-01-29 11:11:07.00087+05:30
8	auth	0006_require_contenttypes_0002	2024-01-29 11:11:07.002894+05:30
9	auth	0007_alter_validators_add_error_messages	2024-01-29 11:11:07.007901+05:30
10	auth	0008_alter_user_username_max_length	2024-01-29 11:11:07.012941+05:30
11	auth	0009_alter_user_last_name_max_length	2024-01-29 11:11:07.019947+05:30
12	auth	0010_alter_group_name_max_length	2024-01-29 11:11:07.028497+05:30
13	auth	0011_update_proxy_permissions	2024-01-29 11:11:07.03425+05:30
14	auth	0012_alter_user_first_name_max_length	2024-01-29 11:11:07.038185+05:30
15	accounts	0001_initial	2024-01-29 11:11:07.086816+05:30
16	admin	0001_initial	2024-01-29 11:11:07.108798+05:30
17	admin	0002_logentry_remove_auto_add	2024-01-29 11:11:07.115199+05:30
18	admin	0003_logentry_add_action_flag_choices	2024-01-29 11:11:07.120197+05:30
19	oauth2_provider	0001_initial	2024-01-29 11:11:07.215872+05:30
20	oauth2_provider	0002_auto_20190406_1805	2024-01-29 11:11:07.23328+05:30
21	oauth2_provider	0003_auto_20201211_1314	2024-01-29 11:11:07.240165+05:30
22	oauth2_provider	0004_auto_20200902_2022	2024-01-29 11:11:07.307096+05:30
23	oauth2_provider	0005_auto_20211222_2352	2024-01-29 11:11:07.342645+05:30
24	oauth2_provider	0006_alter_application_client_secret	2024-01-29 11:11:07.362194+05:30
25	oauth2_provider	0007_application_post_logout_redirect_uris	2024-01-29 11:11:07.370273+05:30
26	sessions	0001_initial	2024-01-29 11:11:07.381988+05:30
27	products	0001_initial	2024-01-31 10:13:57.723163+05:30
28	accounts	0002_user_is_app_user	2024-02-02 14:31:54.774545+05:30
29	accounts	0003_user_otp	2024-02-05 12:45:17.230116+05:30
30	accounts	0004_user_otp_expiry	2024-02-08 13:03:35.638687+05:30
31	products	0002_alter_product_id	2024-02-09 14:56:52.312098+05:30
32	products	0003_alter_product_id	2024-02-09 15:12:03.911951+05:30
33	accounts	0005_userprofile	2024-02-14 17:15:54.819586+05:30
34	products	0002_review	2024-02-15 12:34:11.49599+05:30
35	products	0003_remove_product_category_remove_product_image_and_more	2024-02-15 12:40:41.79116+05:30
36	accounts	0006_remove_userprofile_created_by_and_more	2024-02-15 12:40:41.989209+05:30
37	shop	0001_initial	2024-02-27 22:39:31.11446+05:30
38	products	0004_rename_product_id_image_product_and_more	2024-02-27 23:04:48.877532+05:30
39	accounts	0007_rename_product_id_purchasehistory_product	2024-02-27 23:05:37.95499+05:30
40	products	0005_rename_category_id_product_category	2024-02-27 23:07:45.069646+05:30
41	products	0006_product_stripe_product_id	2024-03-18 19:49:25.592789+05:30
42	orders	0001_initial	2024-03-19 23:14:15.357435+05:30
43	products	0007_rename_stripe_product_id_product_stripe_price_id	2024-03-19 23:34:42.094098+05:30
44	orders	0002_rename_amount_order_total_remove_order_product_and_more	2024-03-19 23:34:42.263283+05:30
\.


--
-- Data for Name: django_session; Type: TABLE DATA; Schema: public; Owner: admin
--

COPY public.django_session (session_key, session_data, expire_date) FROM stdin;
j8salmesekmc7czqmpselxhxbe1d94sz	.eJxVjMsOwiAQRf-FtSGUx4gu3fcbCMMMUjWQlHZl_HfbpAvd3nPOfYsQ16WEtfMcJhJX4cXpd8OYnlx3QI9Y702mVpd5Qrkr8qBdjo34dTvcv4MSe9lqZ6LJOaMC0FqpwZLTmQfygA6Q0wVdYmt9Bn124Fkbi6isBTKJt0h8vuOwN6Q:1rUhRC:UncfRxejmVzVaupo79Mu9tHsJ4Dfs5r1PVnWsVI4c4Q	2024-02-13 11:47:38.795706+05:30
7s54cl9m9mtjbnpmnykjwf01ct0et6op	.eJxVjMsOwiAQRf-FtSGUx4gu3fcbCMMMUjWQlHZl_HfbpAvd3nPOfYsQ16WEtfMcJhJX4cXpd8OYnlx3QI9Y702mVpd5Qrkr8qBdjo34dTvcv4MSe9lqZ6LJOaMC0FqpwZLTmQfygA6Q0wVdYmt9Bn124Fkbi6isBTKJt0h8vuOwN6Q:1rV1xA:7pYAsMAc9_xzHRbRN6Yq03aXE0H76khs4VFfOYdq1iI	2024-02-14 09:42:00.135192+05:30
tuvpl1aeonyf0lxecc4cq9as6p7m4r4j	.eJxVjMsOwiAQRf-FtSGUx4gu3fcbCMMMUjWQlHZl_HfbpAvd3nPOfYsQ16WEtfMcJhJX4cXpd8OYnlx3QI9Y702mVpd5Qrkr8qBdjo34dTvcv4MSe9lqZ6LJOaMC0FqpwZLTmQfygA6Q0wVdYmt9Bn124Fkbi6isBTKJt0h8vuOwN6Q:1rZPOq:KEtzL_aDv7gEyc48UiOlErVSUb_OQE7FSnHGynBurfU	2024-02-26 11:32:40.569267+05:30
mh6bp3crlq3cvryp9sggud464q2iq99g	.eJxVjMsOwiAQRf-FtSGUx4gu3fcbCMMMUjWQlHZl_HfbpAvd3nPOfYsQ16WEtfMcJhJX4cXpd8OYnlx3QI9Y702mVpd5Qrkr8qBdjo34dTvcv4MSe9lqZ6LJOaMC0FqpwZLTmQfygA6Q0wVdYmt9Bn124Fkbi6isBTKJt0h8vuOwN6Q:1rib90:DU8luiZCx2a4zJN23F7b4uGL-0rvqwaG8kFuHQS6bXM	2024-03-22 19:54:18.648388+05:30
3vkc3nxjimni04dnh7m94bvpb7mijyvy	.eJxVjMsOwiAQRf-FtSGUx4gu3fcbCMMMUjWQlHZl_HfbpAvd3nPOfYsQ16WEtfMcJhJX4cXpd8OYnlx3QI9Y702mVpd5Qrkr8qBdjo34dTvcv4MSe9lqZ6LJOaMC0FqpwZLTmQfygA6Q0wVdYmt9Bn124Fkbi6isBTKJt0h8vuOwN6Q:1rnv8S:lmgpT2bkZyuq6tZyRozNszJsNCDBpck6NyZr0Qf2t3s	2024-04-06 12:15:44.254485+05:30
\.


--
-- Data for Name: oauth2_provider_accesstoken; Type: TABLE DATA; Schema: public; Owner: admin
--

COPY public.oauth2_provider_accesstoken (id, token, expires, scope, application_id, user_id, created, updated, source_refresh_token_id, id_token_id) FROM stdin;
21	pFYtTrVKq1KlGqXe64jpspOSBvtcnK	2024-02-03 01:22:14.259835+05:30	read write groups	10	16	2024-02-02 15:22:14.259835+05:30	2024-02-02 15:22:14.259835+05:30	\N	\N
22	0ZCVWeHSYnkUrnPe0S0gi2ZPx2xIoc	2024-02-05 21:23:47.954532+05:30	read write groups	10	16	2024-02-05 11:23:47.954532+05:30	2024-02-05 11:23:47.954532+05:30	\N	\N
23	VVt1XJ8aOVq0gY0ixejgcSQN3Fx6U7	2024-02-06 00:53:50.334207+05:30	read write groups	10	16	2024-02-05 14:53:50.334207+05:30	2024-02-05 14:53:50.334207+05:30	\N	\N
24	4dip5J7LdeUzYcJI44RV0iLIJmZswg	2024-02-06 01:01:40.418749+05:30	read write groups	10	8	2024-02-05 15:01:40.418749+05:30	2024-02-05 15:01:40.418749+05:30	\N	\N
25	xxlaDL2UwqPembSWjKOc3u7vxoF0Kz	2024-02-06 01:02:19.383949+05:30	read write groups	10	16	2024-02-05 15:02:19.384949+05:30	2024-02-05 15:02:19.384949+05:30	\N	\N
26	WVBR1MRD9v8iOm6N5L2XMGGsE0u6Xn	2024-02-06 02:21:21.679942+05:30	read write groups	10	16	2024-02-05 16:21:21.679942+05:30	2024-02-05 16:21:21.679942+05:30	\N	\N
27	6q9BjhQmIbXb1e3Y9Cmul0sU69m5de	2024-02-06 20:49:43.230056+05:30	read write groups	10	16	2024-02-06 10:49:43.23107+05:30	2024-02-06 10:49:43.23107+05:30	\N	\N
28	GbeswU4yQoHyL5V93cRZMwxoCNPr5o	2024-02-07 21:03:59.715789+05:30	read write groups	10	16	2024-02-07 11:03:59.716796+05:30	2024-02-07 11:03:59.716796+05:30	\N	\N
29	4xzLbq4W716NPygvWCh8Kpt5JjfxUn	2024-02-07 22:04:24.799691+05:30	read write groups	10	16	2024-02-07 12:04:24.80069+05:30	2024-02-07 12:04:24.80069+05:30	\N	\N
30	Juu02ndDAjef6qxfI5zni0NV0pvp0y	2024-02-07 22:05:23.246435+05:30	read write groups	10	16	2024-02-07 12:05:23.246435+05:30	2024-02-07 12:05:23.246435+05:30	\N	\N
31	Vn6rQ42UHeizkuvQRvdb4jfnMWZ49y	2024-02-07 22:23:20.739959+05:30	read write groups	10	16	2024-02-07 12:23:20.740959+05:30	2024-02-07 12:23:20.740959+05:30	\N	\N
32	SYg7AQrWZ62d6sfB8iziKmqBEJ3M38	2024-02-07 23:06:25.020698+05:30	read write groups	10	16	2024-02-07 13:06:25.020698+05:30	2024-02-07 13:06:25.020698+05:30	\N	\N
33	tFhiGNl0TMyROI5HatXgTeRssWRWbc	2024-02-07 23:08:31.137735+05:30	read write groups	10	16	2024-02-07 13:08:31.137735+05:30	2024-02-07 13:08:31.137735+05:30	\N	\N
34	MaO6IZv4tSwH2bis7elNUYQcm4NUuH	2024-02-07 23:09:25.549022+05:30	read write groups	10	16	2024-02-07 13:09:25.549022+05:30	2024-02-07 13:09:25.549022+05:30	\N	\N
35	SKlom85UBapCRoYSxfOKXKu5NkpatU	2024-02-07 23:25:40.905426+05:30	read write groups	10	16	2024-02-07 13:25:40.905426+05:30	2024-02-07 13:25:40.905426+05:30	\N	\N
36	suisOntgYtNAU9Xb3Z9s7jpOi8Rjld	2024-02-07 23:26:00.949597+05:30	read write groups	10	16	2024-02-07 13:26:00.949597+05:30	2024-02-07 13:26:00.949597+05:30	\N	\N
37	SW9Tc8O2CtolNI9aCmUg41f3iIGF7V	2024-02-07 23:28:28.247889+05:30	read write groups	10	16	2024-02-07 13:28:28.247889+05:30	2024-02-07 13:28:28.247889+05:30	\N	\N
38	qoa4YnPE1E1lZ050BR0dBrBNe3D6Zc	2024-02-07 23:36:49.223992+05:30	read write groups	10	16	2024-02-07 13:36:49.223992+05:30	2024-02-07 13:36:49.223992+05:30	\N	\N
39	pgLxIKWlxOhCaEqyHFduQ5g4Mh5VMs	2024-02-07 23:37:05.916851+05:30	read write groups	10	16	2024-02-07 13:37:05.916851+05:30	2024-02-07 13:37:05.916851+05:30	\N	\N
40	2wRXo0yUiPBLaCWUQXoVBWoIkhOZFU	2024-02-07 23:37:43.239492+05:30	read write groups	10	16	2024-02-07 13:37:43.240518+05:30	2024-02-07 13:37:43.240518+05:30	\N	\N
41	lVg075vbn2vf0UI1TOOU4M4JXBqTIJ	2024-02-07 23:38:04.259953+05:30	read write groups	10	16	2024-02-07 13:38:04.260497+05:30	2024-02-07 13:38:04.260497+05:30	\N	\N
42	UZA1iueRP92oC0vvbv5Tun83fBp3fB	2024-02-07 23:38:26.29741+05:30	read write groups	10	16	2024-02-07 13:38:26.29741+05:30	2024-02-07 13:38:26.29741+05:30	\N	\N
43	YTJcSGHoeiW3GlUkl6l5MZTvG9nhxW	2024-02-07 23:38:54.059231+05:30	read write groups	10	16	2024-02-07 13:38:54.060235+05:30	2024-02-07 13:38:54.060235+05:30	\N	\N
44	XmLFKaAMvaVQFFHGiZY0ajuKHrIPpS	2024-02-07 23:40:42.997929+05:30	read write groups	10	16	2024-02-07 13:40:42.997929+05:30	2024-02-07 13:40:42.997929+05:30	\N	\N
45	cvm6cGuoaHQov4KQ6ga6XiIPQLOjqc	2024-02-07 23:41:25.396792+05:30	read write groups	10	16	2024-02-07 13:41:25.397816+05:30	2024-02-07 13:41:25.397816+05:30	\N	\N
46	R3gt3BUEcLwFkl1Utgeo5tMobismFW	2024-02-07 23:41:53.200599+05:30	read write groups	10	16	2024-02-07 13:41:53.201592+05:30	2024-02-07 13:41:53.201592+05:30	\N	\N
47	0QXaXuZvApLJpNOklroQ4dYLxwHheF	2024-02-07 23:42:12.530087+05:30	read write groups	10	16	2024-02-07 13:42:12.530616+05:30	2024-02-07 13:42:12.530616+05:30	\N	\N
48	Q1NovgqHdRLt2PgWqzST6NGwqQTUN5	2024-02-07 23:42:46.208732+05:30	read write groups	10	16	2024-02-07 13:42:46.208732+05:30	2024-02-07 13:42:46.208732+05:30	\N	\N
49	vhEN62WTn0q88AsktBIphkR7oqRVn5	2024-02-07 23:54:20.312836+05:30	read write groups	10	16	2024-02-07 13:54:20.312836+05:30	2024-02-07 13:54:20.312836+05:30	\N	\N
50	hb3i04h6jnAULxCmk9EGW3isyDCc4N	2024-02-07 23:55:01.702653+05:30	read write groups	10	16	2024-02-07 13:55:01.704183+05:30	2024-02-07 13:55:01.704183+05:30	\N	\N
51	VYP939ZFI5pc7KzSVlKMaEMTJr1Cbr	2024-02-07 23:55:32.750955+05:30	read write groups	10	16	2024-02-07 13:55:32.750955+05:30	2024-02-07 13:55:32.750955+05:30	\N	\N
52	SCMrZDlWLL0TQ6ETQ1YkWdyS55TS36	2024-02-07 23:56:57.94097+05:30	read write groups	10	16	2024-02-07 13:56:57.941967+05:30	2024-02-07 13:56:57.941967+05:30	\N	\N
53	tsykLg2aybJMfrU9AudbvKSrJLnjPg	2024-02-07 23:57:00.160895+05:30	read write groups	10	16	2024-02-07 13:57:00.160895+05:30	2024-02-07 13:57:00.160895+05:30	\N	\N
54	FnvTzlQJ6hzKzOG8x4yVuL27bnzk0D	2024-02-07 23:57:16.661275+05:30	read write groups	10	16	2024-02-07 13:57:16.661275+05:30	2024-02-07 13:57:16.661275+05:30	\N	\N
55	fBg445JHEj7FwybXvgmRxhu4YxrVyd	2024-02-07 23:57:39.754405+05:30	read write groups	10	16	2024-02-07 13:57:39.754405+05:30	2024-02-07 13:57:39.754405+05:30	\N	\N
56	TxHYISUMyR2qkoIfJsNHuC7pCogYvM	2024-02-08 00:01:11.967484+05:30	read write groups	10	16	2024-02-07 14:01:11.967997+05:30	2024-02-07 14:01:11.967997+05:30	\N	\N
57	I2J8Gh4bOVwfvHY8EP1tUaMSjXC2e1	2024-02-08 00:17:26.780726+05:30	read write groups	10	16	2024-02-07 14:17:26.781276+05:30	2024-02-07 14:17:26.781276+05:30	\N	\N
58	HXkY5PmgiNyovMds1egf6mWNS5N5PN	2024-02-08 00:17:52.922012+05:30	read write groups	10	16	2024-02-07 14:17:52.922551+05:30	2024-02-07 14:17:52.922551+05:30	\N	\N
59	rbwr6koZRLrDcRz83bulp9SXF7MvJ7	2024-02-08 00:20:36.981064+05:30	read write groups	10	16	2024-02-07 14:20:36.98159+05:30	2024-02-07 14:20:36.98159+05:30	\N	\N
60	oS0T0vfhnZGRMTRTMVD2ebgmgH6odc	2024-02-08 00:20:40.837007+05:30	read write groups	10	16	2024-02-07 14:20:40.838088+05:30	2024-02-07 14:20:40.838088+05:30	\N	\N
61	m7UhyBzZRDjDucqkeBvhqipW81UXu2	2024-02-08 00:20:57.410081+05:30	read write groups	10	16	2024-02-07 14:20:57.411061+05:30	2024-02-07 14:20:57.411061+05:30	\N	\N
62	fcabYb3fdoqqJPRbxm6tmg0ZTETBwd	2024-02-08 00:21:13.576153+05:30	read write groups	10	16	2024-02-07 14:21:13.576153+05:30	2024-02-07 14:21:13.576153+05:30	\N	\N
63	p93V3Cc6T7KucmK0R6RjsdBVNUkLTY	2024-02-08 00:24:52.91673+05:30	read write groups	10	16	2024-02-07 14:24:52.91773+05:30	2024-02-07 14:24:52.91773+05:30	\N	\N
64	a0HJH9AciC2VStwClYMILaBIFZ2cZk	2024-02-08 00:26:16.693994+05:30	read write groups	10	16	2024-02-07 14:26:16.694976+05:30	2024-02-07 14:26:16.694976+05:30	\N	\N
65	AfbT0H1ZDr3oPoorGitV0pQRNdnmWD	2024-02-08 01:34:36.332821+05:30	read write groups	10	16	2024-02-07 15:34:36.332821+05:30	2024-02-07 15:34:36.332821+05:30	\N	\N
66	iSHU3JKhp6dmwWggsSOccwryYsbffW	2024-02-08 01:38:53.999602+05:30	read write groups	10	16	2024-02-07 15:38:53.999602+05:30	2024-02-07 15:38:53.999602+05:30	\N	\N
67	6ycqeqUdkHfAqeUywRDUmiRemIlJM8	2024-02-08 01:39:25.137524+05:30	read write groups	10	16	2024-02-07 15:39:25.137524+05:30	2024-02-07 15:39:25.137524+05:30	\N	\N
68	C3nMrzm02g4K6eGOkNJfyMIEn6h9Gu	2024-02-08 01:40:23.546184+05:30	read write groups	10	16	2024-02-07 15:40:23.546184+05:30	2024-02-07 15:40:23.546184+05:30	\N	\N
69	p7OtdzCva3Us9XMERvM3WrtdAXp2XC	2024-02-08 01:40:41.533547+05:30	read write groups	10	16	2024-02-07 15:40:41.533547+05:30	2024-02-07 15:40:41.533547+05:30	\N	\N
70	jMKQeCHgXeHZnxYgQjq7Et7LWjyHZU	2024-02-08 21:29:13.493083+05:30	read write groups	10	16	2024-02-08 11:29:13.494083+05:30	2024-02-08 11:29:13.494083+05:30	\N	\N
71	wF5BEru8FF9ALnlyOQhShmgp2jbfzB	2024-02-08 21:29:30.57239+05:30	read write groups	10	16	2024-02-08 11:29:30.57239+05:30	2024-02-08 11:29:30.57239+05:30	\N	\N
72	hxYtj3iLE3hNak3EHlGsdmBLGwhB1x	2024-02-08 21:29:42.358652+05:30	read write groups	10	16	2024-02-08 11:29:42.358652+05:30	2024-02-08 11:29:42.358652+05:30	\N	\N
73	4a2RFZCenry7lbGcYhzAoqLgXLhe8B	2024-02-08 21:38:16.471554+05:30	read write groups	10	16	2024-02-08 11:38:16.472788+05:30	2024-02-08 11:38:16.472788+05:30	\N	\N
74	Z6hupndMaKqKUtq1tiu1mdO6MRGiig	2024-02-08 21:38:25.290537+05:30	read write groups	10	16	2024-02-08 11:38:25.291557+05:30	2024-02-08 11:38:25.291557+05:30	\N	\N
75	ESMLIQj0QufhJkYja6GAxB38gnLA4c	2024-02-08 21:39:41.936722+05:30	read write groups	10	16	2024-02-08 11:39:41.93772+05:30	2024-02-08 11:39:41.93772+05:30	\N	\N
76	No8wC7F9MJHJcITS5buSc9HyeFGA9w	2024-02-08 21:40:14.204227+05:30	read write groups	10	16	2024-02-08 11:40:14.204227+05:30	2024-02-08 11:40:14.204227+05:30	\N	\N
77	kpJOb9WPHleWZH72UUqMPqmTE8yJOY	2024-02-08 21:45:42.030915+05:30	read write groups	10	16	2024-02-08 11:45:42.030915+05:30	2024-02-08 11:45:42.030915+05:30	\N	\N
78	kaLUCUAYd6MRebfLAgjSOKdE5LFzmN	2024-02-08 21:46:45.241927+05:30	read write groups	10	16	2024-02-08 11:46:45.242927+05:30	2024-02-08 11:46:45.242927+05:30	\N	\N
79	PbPZBkrjrGQRlQFWh1DdmFNCpUToCP	2024-02-08 21:46:56.729587+05:30	read write groups	10	16	2024-02-08 11:46:56.730091+05:30	2024-02-08 11:46:56.730091+05:30	\N	\N
80	nuD93S6B47j79V1HxMiMSRE7frY0oG	2024-02-08 21:47:21.637298+05:30	read write groups	10	16	2024-02-08 11:47:21.637298+05:30	2024-02-08 11:47:21.637298+05:30	\N	\N
81	shy68icuhZBKKpx0pzM8w3D9G9d5aX	2024-02-08 21:47:29.981664+05:30	read write groups	10	16	2024-02-08 11:47:29.982656+05:30	2024-02-08 11:47:29.982656+05:30	\N	\N
82	rDhbO2QahkHGDgpvAo1f5bvMCAJjBw	2024-02-08 21:51:06.39428+05:30	read write groups	10	16	2024-02-08 11:51:06.39428+05:30	2024-02-08 11:51:06.39428+05:30	\N	\N
83	NKlx13zsFIrYcCmOfUyqHp83GQBYU1	2024-02-08 21:51:17.549138+05:30	read write groups	10	16	2024-02-08 11:51:17.549665+05:30	2024-02-08 11:51:17.549665+05:30	\N	\N
84	d7ZucQy9rzEbJiOjjIyL0n3IU0b3VA	2024-02-08 22:17:07.478816+05:30	read write groups	10	16	2024-02-08 12:17:07.479816+05:30	2024-02-08 12:17:07.479816+05:30	\N	\N
85	0xf42o6ZSey8YFD9yneMQX7imKyOMs	2024-02-08 22:17:08.419398+05:30	read write groups	10	16	2024-02-08 12:17:08.419398+05:30	2024-02-08 12:17:08.419398+05:30	\N	\N
86	rG6EIzvcmO150FexF0EFVZREi7KJk8	2024-02-08 22:27:07.682424+05:30	read write groups	10	16	2024-02-08 12:27:07.683933+05:30	2024-02-08 12:27:07.683933+05:30	\N	\N
87	jYztRx3s9HXFzAZ6N5PztLyI77RvRF	2024-02-08 22:27:33.164692+05:30	read write groups	10	16	2024-02-08 12:27:33.165886+05:30	2024-02-08 12:27:33.165886+05:30	\N	\N
89	PxSGbZh2GdPWiH4aYOUSA0kXsBNTAA	2024-02-08 22:34:50.705678+05:30	read write groups	10	16	2024-02-08 12:34:50.717703+05:30	2024-02-08 12:34:50.717703+05:30	88	\N
91	jLGiohIW2p6YoIxVBTBgOZ213dCSIe	2024-02-08 22:42:03.765233+05:30	read write groups	10	16	2024-02-08 12:42:03.775597+05:30	2024-02-08 12:42:03.775597+05:30	90	\N
95	iPCrb0sGqpokl9rpMDwBYWiU4al1gl	2024-02-08 22:43:16.612329+05:30	read write groups	10	16	2024-02-08 12:43:16.622105+05:30	2024-02-08 12:43:16.622105+05:30	94	\N
96	pDlF7Q3Npd3bTwA1LVCqD2iqVuGILR	2024-02-08 23:04:53.493191+05:30	read write groups	10	16	2024-02-08 13:04:53.493191+05:30	2024-02-08 13:04:53.493191+05:30	\N	\N
97	NJbYtPIyc3mOZ6gI9LSWV2L3qyQuT7	2024-02-09 21:43:36.417454+05:30	read write groups	10	16	2024-02-09 11:43:36.41846+05:30	2024-02-09 11:43:36.41846+05:30	\N	\N
98	3KdlqwiIn97jOQrrEsznEN6PbPgxFR	2024-02-12 23:01:56.806396+05:30	read write groups	10	16	2024-02-12 13:01:56.807406+05:30	2024-02-12 13:01:56.807406+05:30	\N	\N
99	dSMksMsiHMByoJqYvv7a6A0sO5ZiBA	2024-02-12 23:02:36.579106+05:30	read write groups	10	16	2024-02-12 13:02:36.579106+05:30	2024-02-12 13:02:36.579106+05:30	\N	\N
100	g2ZIyUo5YVWJlXVPsNTHXSfyMWOZgN	2024-02-12 23:03:34.439392+05:30	read write groups	10	16	2024-02-12 13:03:34.439392+05:30	2024-02-12 13:03:34.439392+05:30	\N	\N
101	JsSxoXUZzRctsl0pKBSlcX0XgDep7w	2024-02-12 23:05:26.033523+05:30	read write groups	10	16	2024-02-12 13:05:26.033523+05:30	2024-02-12 13:05:26.033523+05:30	\N	\N
102	CxiBtIgrAdxhJ7cOOtydYl9kqhZGXF	2024-02-12 23:07:23.021169+05:30	read write groups	10	16	2024-02-12 13:07:23.021673+05:30	2024-02-12 13:07:23.021673+05:30	\N	\N
103	93drxamM1S9Gejov7ttzUzUYeidAiq	2024-02-12 23:10:43.58367+05:30	read write groups	10	16	2024-02-12 13:10:43.58367+05:30	2024-02-12 13:10:43.58367+05:30	\N	\N
104	GmHIKv5ipDVQ7bRFgM1HoPNhhUv1ba	2024-02-12 23:11:37.94317+05:30	read write groups	10	16	2024-02-12 13:11:37.94317+05:30	2024-02-12 13:11:37.94317+05:30	\N	\N
105	aTOlNfEkDFgzukK2dim39m22hklGkK	2024-02-12 23:13:42.610299+05:30	read write groups	10	16	2024-02-12 13:13:42.610299+05:30	2024-02-12 13:13:42.610299+05:30	\N	\N
106	AEBRAn2o1vgypCmxU42h5XsxW5A2AL	2024-02-12 23:14:06.125378+05:30	read write groups	10	16	2024-02-12 13:14:06.125378+05:30	2024-02-12 13:14:06.125378+05:30	\N	\N
107	wA1N7giSZaGSLDmKc9cSu4OwxbriJv	2024-02-12 23:14:10.605906+05:30	read write groups	10	16	2024-02-12 13:14:10.606913+05:30	2024-02-12 13:14:10.606913+05:30	\N	\N
108	cPf3Lmtz1i4zTqvzOdkqsQmHQv6e1E	2024-02-12 23:15:27.971926+05:30	read write groups	10	16	2024-02-12 13:15:27.97246+05:30	2024-02-12 13:15:27.97246+05:30	\N	\N
109	LzOprR6mUNuGKyaCu1idyekSvOnu5J	2024-02-12 23:15:55.706339+05:30	read write groups	10	16	2024-02-12 13:15:55.707339+05:30	2024-02-12 13:15:55.707339+05:30	\N	\N
110	IWnCaiNV7vd1LejlN6m1ddr8eA8ohJ	2024-02-12 23:16:10.775204+05:30	read write groups	10	16	2024-02-12 13:16:10.776204+05:30	2024-02-12 13:16:10.776204+05:30	\N	\N
111	npbdE0UyT1MsabP0EZKwpXC9BtCcue	2024-02-12 23:16:23.962831+05:30	read write groups	10	16	2024-02-12 13:16:23.963831+05:30	2024-02-12 13:16:23.963831+05:30	\N	\N
112	RSsnBa1hKHM23Iufo3oHRGOkFxQpis	2024-02-12 23:17:04.487868+05:30	read write groups	10	16	2024-02-12 13:17:04.488873+05:30	2024-02-12 13:17:04.488873+05:30	\N	\N
113	0lRymeqEqj4PNYQr04xa3JIEdzq8S8	2024-02-13 01:00:42.525633+05:30	read write groups	10	16	2024-02-12 15:00:42.527633+05:30	2024-02-12 15:00:42.527633+05:30	\N	\N
114	jw3bJt6qgKWI5dWtsfweG6FCrtpRJn	2024-02-13 01:00:42.597553+05:30	read write groups	10	16	2024-02-12 15:00:42.597553+05:30	2024-02-12 15:00:42.597553+05:30	\N	\N
115	w5bWIEVoX6g3IMvEcoelNs2PHqIGZ7	2024-02-13 01:01:00.336695+05:30	read write groups	10	16	2024-02-12 15:01:00.336695+05:30	2024-02-12 15:01:00.336695+05:30	\N	\N
116	8jWqaibtrq4eWHgVhJtGVxpbrEfOLW	2024-02-13 01:01:00.346696+05:30	read write groups	10	16	2024-02-12 15:01:00.347695+05:30	2024-02-12 15:01:00.347695+05:30	\N	\N
117	EwZZZm7laKoK0EaFzNboR2DipJ2xgS	2024-02-13 01:01:19.889989+05:30	read write groups	10	16	2024-02-12 15:01:19.890993+05:30	2024-02-12 15:01:19.890993+05:30	\N	\N
118	NQJIJDHLznpTrzCuSTmYYediFVuphG	2024-02-13 01:01:19.900614+05:30	read write groups	10	16	2024-02-12 15:01:19.900614+05:30	2024-02-12 15:01:19.900614+05:30	\N	\N
119	Hr3cOzkotoOHJOp3JIt8rx4wrYhfmN	2024-02-13 01:02:07.926585+05:30	read write groups	10	16	2024-02-12 15:02:07.92773+05:30	2024-02-12 15:02:07.92773+05:30	\N	\N
120	mu8vCaAuw4zTt7fgESixbp8u5SLbUK	2024-02-13 01:02:07.929752+05:30	read write groups	10	16	2024-02-12 15:02:07.929752+05:30	2024-02-12 15:02:07.929752+05:30	\N	\N
121	KsGPr6oz28CgtQC1R8oyCpG4Lpc0eF	2024-02-13 01:02:15.329262+05:30	read write groups	10	16	2024-02-12 15:02:15.33057+05:30	2024-02-12 15:02:15.33057+05:30	\N	\N
122	2MOrmIuiwTzGgVDo0zDSILV1jIDrUp	2024-02-13 01:02:15.333589+05:30	read write groups	10	16	2024-02-12 15:02:15.333589+05:30	2024-02-12 15:02:15.333589+05:30	\N	\N
123	mHG2WhazisE2DgAvuRg4FiK4xGScJ0	2024-02-13 01:02:23.527401+05:30	read write groups	10	16	2024-02-12 15:02:23.527401+05:30	2024-02-12 15:02:23.527401+05:30	\N	\N
124	FJDY2i46l5F6hUDWB3U32vPAuNYNqr	2024-02-13 01:02:23.54744+05:30	read write groups	10	16	2024-02-12 15:02:23.54744+05:30	2024-02-12 15:02:23.54744+05:30	\N	\N
125	PFpWnSeJYOXbxQFCGBCGBs5JAy1Lc9	2024-02-13 01:02:59.861057+05:30	read write groups	10	16	2024-02-12 15:02:59.861057+05:30	2024-02-12 15:02:59.861057+05:30	\N	\N
126	UDGioqqGcS5aHxW3PSvaxPPSu3I4kw	2024-02-13 01:02:59.934945+05:30	read write groups	10	16	2024-02-12 15:02:59.934945+05:30	2024-02-12 15:02:59.934945+05:30	\N	\N
127	f1BjF2sEfXQMm80KhdotDbkRM1sPJM	2024-02-15 22:58:40.118766+05:30	read write groups	10	16	2024-02-15 12:58:40.118766+05:30	2024-02-15 12:58:40.118766+05:30	\N	\N
128	M97KRYsxMRcRnPNakYFH11gYwao1Hi	2024-02-15 23:44:54.195656+05:30	read write groups	10	16	2024-02-15 13:44:54.195656+05:30	2024-02-15 13:44:54.195656+05:30	\N	\N
129	i3pWSt3M7noDIRo1MyithLyiJFFUlh	2024-02-15 23:45:54.410984+05:30	read write groups	10	16	2024-02-15 13:45:54.412044+05:30	2024-02-15 13:45:54.412044+05:30	\N	\N
130	oTWsA4StGgdpxyB0LrDd6Thx5tuQOK	2024-02-15 23:46:14.846601+05:30	read write groups	10	8	2024-02-15 13:46:14.846601+05:30	2024-02-15 13:46:14.846601+05:30	\N	\N
131	XOCm9SEAIJE9OBYd33ya1iW42xG6Xe	2024-02-15 23:49:36.381511+05:30	read write groups	10	8	2024-02-15 13:49:36.381511+05:30	2024-02-15 13:49:36.381511+05:30	\N	\N
132	T0iVcFjmnXb2f7t8f4HepDBwbDzdug	2024-02-19 23:22:00.759292+05:30	read write groups	10	8	2024-02-19 13:22:00.763292+05:30	2024-02-19 13:22:00.763292+05:30	\N	\N
133	rbqnKhrVKJC0Pj3A15k6ExgiXdlzHp	2024-02-19 23:22:20.0619+05:30	read write groups	10	72	2024-02-19 13:22:20.063086+05:30	2024-02-19 13:22:20.063086+05:30	\N	\N
134	8I4KZeUefHBWcZdNLsca8ikk9Wb8OT	2024-02-19 23:43:48.014686+05:30	read write groups	10	72	2024-02-19 13:43:48.014686+05:30	2024-02-19 13:43:48.014686+05:30	\N	\N
135	8VtLwZ96DpxmwQmEOGEhqXrplThi34	2024-02-20 00:16:35.831379+05:30	read write groups	10	72	2024-02-19 14:16:35.831896+05:30	2024-02-19 14:16:35.831896+05:30	\N	\N
136	s0Q9GigHoPGipvsQm9u6AHBRiEMyzI	2024-02-20 00:16:56.416632+05:30	read write groups	10	72	2024-02-19 14:16:56.416632+05:30	2024-02-19 14:16:56.416632+05:30	\N	\N
137	osFozxFjDABrCEeDQCJRuVIWnetJFT	2024-02-20 00:17:39.262396+05:30	read write groups	10	72	2024-02-19 14:17:39.262396+05:30	2024-02-19 14:17:39.262396+05:30	\N	\N
138	q3j6XtjJghh4ReB08IEtmYNlzPEDP9	2024-02-21 05:01:46.745256+05:30	read write groups	10	72	2024-02-20 19:01:46.746828+05:30	2024-02-20 19:01:46.746828+05:30	\N	\N
139	vp412jw93zMNQf4HikuAhr1nwX0fUL	2024-02-21 05:02:53.128404+05:30	read write groups	10	72	2024-02-20 19:02:53.128404+05:30	2024-02-20 19:02:53.128404+05:30	\N	\N
140	fOlDfvXaxa4uIHibwFr4rvzwk7DTnO	2024-02-21 05:03:45.781684+05:30	read write groups	10	72	2024-02-20 19:03:45.781684+05:30	2024-02-20 19:03:45.781684+05:30	\N	\N
141	1Wa3RfsV726XcXOejbPOYReiTzfXbK	2024-02-21 05:04:23.607515+05:30	read write groups	10	72	2024-02-20 19:04:23.608519+05:30	2024-02-20 19:04:23.608519+05:30	\N	\N
142	WqRxPWLgk5bXm7TfjStYg9su96MvWE	2024-02-21 05:04:32.396511+05:30	read write groups	10	72	2024-02-20 19:04:32.39751+05:30	2024-02-20 19:04:32.39751+05:30	\N	\N
143	MZauGIXcQ5MfUYKs1z46je1xQD6Nm4	2024-02-21 05:04:39.473529+05:30	read write groups	10	72	2024-02-20 19:04:39.473529+05:30	2024-02-20 19:04:39.473529+05:30	\N	\N
144	jxeTrx2JJR9p84pJrTmlj4dRbzNPVT	2024-02-21 05:04:40.239023+05:30	read write groups	10	72	2024-02-20 19:04:40.239023+05:30	2024-02-20 19:04:40.239023+05:30	\N	\N
145	XreWZHioN6eX4omD8FGaFlAnAnTsRO	2024-02-21 05:04:55.385763+05:30	read write groups	10	72	2024-02-20 19:04:55.385763+05:30	2024-02-20 19:04:55.385763+05:30	\N	\N
146	JQYBdn6yBEBdOJzkAEEd4LTR3S2nJN	2024-02-21 05:05:33.39605+05:30	read write groups	10	72	2024-02-20 19:05:33.39605+05:30	2024-02-20 19:05:33.39605+05:30	\N	\N
147	HSFUypgfUDXpDbqWVMg2uWHnzCNedh	2024-02-21 05:10:38.002549+05:30	read write groups	10	72	2024-02-20 19:10:38.002549+05:30	2024-02-20 19:10:38.002549+05:30	\N	\N
148	jBWMd3g5p1L5ALhS4zSIyDIHH6bfV0	2024-02-21 05:10:49.064108+05:30	read write groups	10	72	2024-02-20 19:10:49.064633+05:30	2024-02-20 19:10:49.064633+05:30	\N	\N
149	uLxK8gKEVpqbC6SGyRCZgSsjmZafVu	2024-02-21 05:11:29.595912+05:30	read write groups	10	72	2024-02-20 19:11:29.595912+05:30	2024-02-20 19:11:29.595912+05:30	\N	\N
150	w8mkP5OADTrH7CJPO3VOowjuBOX7Z6	2024-02-21 05:13:06.281705+05:30	read write groups	10	72	2024-02-20 19:13:06.281705+05:30	2024-02-20 19:13:06.281705+05:30	\N	\N
151	5IJe5kRLPzIEQ0ihtk0K0h7sYApJnh	2024-02-21 05:14:21.040332+05:30	read write groups	10	72	2024-02-20 19:14:21.040332+05:30	2024-02-20 19:14:21.040332+05:30	\N	\N
152	I6vFnfevf3I6GbtKuJIib9n51IgAE2	2024-02-21 05:14:48.021945+05:30	read write groups	10	72	2024-02-20 19:14:48.022945+05:30	2024-02-20 19:14:48.022945+05:30	\N	\N
153	9FSpBv9JWM18bhtybfSOhd2DbUwdiy	2024-02-21 05:15:02.780315+05:30	read write groups	10	72	2024-02-20 19:15:02.781327+05:30	2024-02-20 19:15:02.781327+05:30	\N	\N
154	oVPkaeCGkVVpAJgg8mIl3UbIWcd48g	2024-02-21 05:15:42.033583+05:30	read write groups	10	72	2024-02-20 19:15:42.033583+05:30	2024-02-20 19:15:42.033583+05:30	\N	\N
155	xyqhTOCXVdYxej5yxoJp4U67vaFFV3	2024-02-21 05:16:06.09128+05:30	read write groups	10	72	2024-02-20 19:16:06.09128+05:30	2024-02-20 19:16:06.09128+05:30	\N	\N
156	qTnFA5hMqfJqOim0438l0DBBWtvD7p	2024-02-21 05:16:33.659433+05:30	read write groups	10	72	2024-02-20 19:16:33.659433+05:30	2024-02-20 19:16:33.659433+05:30	\N	\N
157	vsM3Zo95IMheNa5PEF3dVqDj4Z9fgM	2024-02-21 05:16:46.169047+05:30	read write groups	10	72	2024-02-20 19:16:46.170127+05:30	2024-02-20 19:16:46.170127+05:30	\N	\N
158	kr47Ee8Ic9ioTytLhMmB4zC4BptH9a	2024-02-21 05:17:04.497386+05:30	read write groups	10	72	2024-02-20 19:17:04.498728+05:30	2024-02-20 19:17:04.498728+05:30	\N	\N
159	upYrtGjCDVviij61jLBhoDr3gjnfb0	2024-02-21 05:18:05.544203+05:30	read write groups	10	72	2024-02-20 19:18:05.544203+05:30	2024-02-20 19:18:05.544203+05:30	\N	\N
160	TN8FN4Jc12oehFW53iZyCls2LmsbYB	2024-02-21 05:18:39.21529+05:30	read write groups	10	72	2024-02-20 19:18:39.21529+05:30	2024-02-20 19:18:39.21529+05:30	\N	\N
161	I20Z7GlpmHcZPXJE9eOWCk86WbEi7N	2024-02-21 05:18:47.876835+05:30	read write groups	10	72	2024-02-20 19:18:47.877839+05:30	2024-02-20 19:18:47.877839+05:30	\N	\N
162	DzFRpHhriWaR2gBJjwGDU44aeo2Ukj	2024-02-21 05:20:44.001789+05:30	read write groups	10	72	2024-02-20 19:20:44.001789+05:30	2024-02-20 19:20:44.001789+05:30	\N	\N
163	WU27C5TrLLvJ2qNibC1pI4tBfep63b	2024-02-21 05:22:07.54406+05:30	read write groups	10	72	2024-02-20 19:22:07.54406+05:30	2024-02-20 19:22:07.54406+05:30	\N	\N
164	wmZN6IwDSfQxoJzJLMSQvdLQxN9W3e	2024-02-21 21:10:57.482383+05:30	read write groups	10	72	2024-02-21 11:10:57.483383+05:30	2024-02-21 11:10:57.483383+05:30	\N	\N
165	o3v4CI0OXtLjNx0maxFFLdLpTdIRcK	2024-02-21 21:37:01.510107+05:30	read write groups	10	72	2024-02-21 11:37:01.510107+05:30	2024-02-21 11:37:01.510107+05:30	\N	\N
166	7n7K01F1N0YRNanlI8qdBd16wbDXnv	2024-02-21 22:12:08.189869+05:30	read write groups	10	8	2024-02-21 12:12:08.189869+05:30	2024-02-21 12:12:08.189869+05:30	\N	\N
167	dp60EaoCnIkrSyuK2FCzddohjwo2ty	2024-02-21 22:28:21.991027+05:30	read write groups	10	72	2024-02-21 12:28:21.992032+05:30	2024-02-21 12:28:21.992032+05:30	\N	\N
168	99G9fy5nTAJVUfiuh7F8mc3rtGtXoy	2024-02-21 22:36:52.075221+05:30	read write groups	10	8	2024-02-21 12:36:52.076216+05:30	2024-02-21 12:36:52.076216+05:30	\N	\N
169	8Jnf8dwHXfH2IQ2WUb9lyy1Qw3UKpw	2024-02-21 22:39:07.614508+05:30	read write groups	10	72	2024-02-21 12:39:07.614508+05:30	2024-02-21 12:39:07.614508+05:30	\N	\N
170	7NboHRnBmjUuOiJsp4PLjiV5UuE83h	2024-02-21 22:39:49.473697+05:30	read write groups	10	72	2024-02-21 12:39:49.473697+05:30	2024-02-21 12:39:49.473697+05:30	\N	\N
171	RSfonlLQuRc4Ji0Tz4DUIcaXfKqvnP	2024-02-21 22:57:50.903286+05:30	read write groups	10	72	2024-02-21 12:57:50.903286+05:30	2024-02-21 12:57:50.903286+05:30	\N	\N
172	V9BGBsPXJRhc8EA6u5m3csVDF6wz2o	2024-02-21 22:58:18.105832+05:30	read write groups	10	72	2024-02-21 12:58:18.106833+05:30	2024-02-21 12:58:18.106833+05:30	\N	\N
173	MsSX1wBydZfWFcsaWarJX5tpwn0pvL	2024-02-21 22:59:03.330353+05:30	read write groups	10	72	2024-02-21 12:59:03.331358+05:30	2024-02-21 12:59:03.331358+05:30	\N	\N
174	EEnrOkBUDKLPguPBUzYlH88diupV76	2024-02-21 22:59:13.187765+05:30	read write groups	10	72	2024-02-21 12:59:13.187765+05:30	2024-02-21 12:59:13.187765+05:30	\N	\N
175	gnKNjeNAwXAjoop4RjgxGxbp40jr2M	2024-02-21 22:59:24.15451+05:30	read write groups	10	72	2024-02-21 12:59:24.15451+05:30	2024-02-21 12:59:24.15451+05:30	\N	\N
176	NoTplw9iyU0Bk5nKx6uC566SAAnbkn	2024-02-21 22:59:32.446942+05:30	read write groups	10	72	2024-02-21 12:59:32.446942+05:30	2024-02-21 12:59:32.446942+05:30	\N	\N
177	BI63IkRJLtGdM3LulMdGYJdAnUKLhQ	2024-02-21 22:59:49.410247+05:30	read write groups	10	72	2024-02-21 12:59:49.411245+05:30	2024-02-21 12:59:49.411245+05:30	\N	\N
178	8Lqe4EUxcvkG4Aj47pCpzAkUoBKJBR	2024-02-21 23:00:01.953522+05:30	read write groups	10	72	2024-02-21 13:00:01.954522+05:30	2024-02-21 13:00:01.954522+05:30	\N	\N
179	svJ3OQOtZY9V8G78KFmwyGXQbWYqDE	2024-02-21 23:00:09.386219+05:30	read write groups	10	72	2024-02-21 13:00:09.38726+05:30	2024-02-21 13:00:09.38726+05:30	\N	\N
180	vWgk53UQibc561rJzapZzH8SPcTMbT	2024-02-21 23:00:17.259824+05:30	read write groups	10	72	2024-02-21 13:00:17.259824+05:30	2024-02-21 13:00:17.259824+05:30	\N	\N
181	qydMtGBhtjxSfqsarQJt51Von9M6nG	2024-02-21 23:00:48.670906+05:30	read write groups	10	72	2024-02-21 13:00:48.670906+05:30	2024-02-21 13:00:48.670906+05:30	\N	\N
182	Wdb9EBKeK5GWCVjMFCUWUYQRyLw4OZ	2024-02-21 23:07:41.022406+05:30	read write groups	10	72	2024-02-21 13:07:41.023409+05:30	2024-02-21 13:07:41.023409+05:30	\N	\N
183	o33fSvCLsgVjQ4iQ87Ny2isF1qKuNj	2024-02-21 23:08:00.999565+05:30	read write groups	10	72	2024-02-21 13:08:01.000565+05:30	2024-02-21 13:08:01.000565+05:30	\N	\N
184	YH9uHkKDqs3ueMWKxKfLGwRVxDeKNn	2024-02-22 00:31:25.366001+05:30	read write groups	10	8	2024-02-21 14:31:25.366001+05:30	2024-02-21 14:31:25.366001+05:30	\N	\N
185	kePn53sadfX8X06VQrpvqRMtY8NDcx	2024-02-28 05:46:26.338398+05:30	read write groups	10	72	2024-02-27 19:46:26.339398+05:30	2024-02-27 19:46:26.339398+05:30	\N	\N
186	5PpIsQWZN89mkpU60eRkc4Dh0X44ck	2024-02-28 06:16:32.693279+05:30	read write groups	10	72	2024-02-27 20:16:32.693279+05:30	2024-02-27 20:16:32.693279+05:30	\N	\N
189	y3BdsYpaXLAAzJX7uhXXEgrh1UeiUm	2024-02-28 07:48:25.703269+05:30	read write groups	10	8	2024-02-27 21:48:25.704269+05:30	2024-02-27 21:48:25.704269+05:30	\N	\N
193	1LEaMFzp9UwEk3OjpbBzbSLl12dPbt	2024-02-28 08:01:48.528791+05:30	read write groups	10	72	2024-02-27 22:01:48.52979+05:30	2024-02-27 22:01:48.52979+05:30	\N	\N
194	YX0X5UOH45UUYtAkE8fqXzcVr0ih1w	2024-02-28 08:08:04.233414+05:30	read write groups	10	72	2024-02-27 22:08:04.233414+05:30	2024-02-27 22:08:04.233414+05:30	\N	\N
195	mlEJQrYE42CWtvBD8U0gSmuguAop09	2024-02-28 08:18:17.157166+05:30	read write groups	10	72	2024-02-27 22:18:17.158166+05:30	2024-02-27 22:18:17.158166+05:30	\N	\N
203	IOUPHEbaX9n5HBH8xRZM8IrB9aGgBU	2024-02-28 08:36:58.521679+05:30	read write groups	10	72	2024-02-27 22:36:58.521679+05:30	2024-02-27 22:36:58.521679+05:30	\N	\N
204	SDMUqd2vPNL2q2KiARfme4sm1CMYOU	2024-02-28 22:49:26.92995+05:30	read write groups	10	72	2024-02-28 12:49:26.930948+05:30	2024-02-28 12:49:26.930948+05:30	\N	\N
205	6CXkTmWOjiauZcB65kFzJ63AUninyv	2024-02-28 23:35:54.765079+05:30	read write groups	10	72	2024-02-28 13:35:54.766076+05:30	2024-02-28 13:35:54.766076+05:30	\N	\N
206	oEDR4tIv7CmXZ2Uft7jCVY7C2de1To	2024-02-29 04:22:41.770246+05:30	read write groups	10	8	2024-02-28 18:22:41.771242+05:30	2024-02-28 18:22:41.771242+05:30	\N	\N
207	Qntrvaj7htmAgsgWztV1xUOcxIl3WI	2024-02-29 04:24:18.038656+05:30	read write groups	10	78	2024-02-28 18:24:18.039655+05:30	2024-02-28 18:24:18.039655+05:30	\N	\N
208	82cv6495ULqpiO8AtQfcoRemdaz0VI	2024-02-29 04:40:02.930992+05:30	read write groups	10	72	2024-02-28 18:40:02.930992+05:30	2024-02-28 18:40:02.930992+05:30	\N	\N
209	D0oRcPvcMhzpv0H7UlAmnkmaV3BkMg	2024-02-29 05:11:59.506455+05:30	read write groups	10	72	2024-02-28 19:11:59.506455+05:30	2024-02-28 19:11:59.506455+05:30	\N	\N
210	BhcPyCUWr6yEJ5fB1PcT3OAcVGMmwM	2024-02-29 21:25:07.829365+05:30	read write groups	10	72	2024-02-29 11:25:07.830345+05:30	2024-02-29 11:25:07.830345+05:30	\N	\N
211	oW1vSQKrti60ZZ9mVO0plgR8pr2uTQ	2024-02-29 21:28:43.421175+05:30	read write groups	10	72	2024-02-29 11:28:43.421175+05:30	2024-02-29 11:28:43.421175+05:30	\N	\N
215	phZ1VIEp6vmx7HuymdBTpKzeetMTdL	2024-03-07 06:19:24.799693+05:30	read write groups	10	72	2024-03-06 20:19:24.800743+05:30	2024-03-06 20:19:24.800743+05:30	\N	\N
216	IzLVL0HtqFJGMaTQBusfEE2Kx7VsMb	2024-03-08 05:10:57.577142+05:30	read write groups	10	72	2024-03-07 19:10:57.578329+05:30	2024-03-07 19:10:57.578329+05:30	\N	\N
217	H1GKqxqEHfPnACNyViunx3mCfLe4hQ	2024-03-08 05:13:12.615154+05:30	read write groups	10	72	2024-03-07 19:13:12.616211+05:30	2024-03-07 19:13:12.616211+05:30	\N	\N
219	uGBfOVQXur17qieslLLEIoLqzwjUbK	2024-03-08 21:34:19.47285+05:30	read write groups	10	72	2024-03-08 11:34:19.48873+05:30	2024-03-08 11:34:19.48873+05:30	218	\N
220	JAhL76FLoCPQXxrmXeGUKASMuEjA98	2024-03-08 22:43:04.725016+05:30	read write groups	10	72	2024-03-08 12:43:04.726016+05:30	2024-03-08 12:43:04.726016+05:30	\N	\N
221	tx1SPuJVU3gHRaKHXCN0D1ynXgRrBN	2024-03-11 19:40:23.280179+05:30	read write groups	10	72	2024-03-11 09:40:23.280179+05:30	2024-03-11 09:40:23.280179+05:30	\N	\N
223	RfPzj8J1XDfQopPYeIktL72jK0wdAQ	2024-03-12 22:09:04.523802+05:30	read write groups	10	72	2024-03-12 12:09:04.524805+05:30	2024-03-12 12:09:04.524805+05:30	\N	\N
224	PHyLkIeUaSoVI4k3e6bUH6ZnI2HaBL	2024-03-12 22:52:54.861549+05:30	read write groups	10	72	2024-03-12 12:52:54.861549+05:30	2024-03-12 12:52:54.861549+05:30	\N	\N
225	uLoyCCQw2fBVmnvYWjYvgMouA7S2l7	2024-03-14 00:34:15.150102+05:30	read write groups	10	72	2024-03-13 14:34:15.150102+05:30	2024-03-13 14:34:15.150102+05:30	\N	\N
226	dvXpb1CMFjKTrC1lrTKoMFc9dEGeZc	2024-03-18 22:27:25.431535+05:30	read write groups	10	72	2024-03-18 12:27:25.432537+05:30	2024-03-18 12:27:25.432537+05:30	\N	\N
227	mm9s5GrS3zP1GIo8Rxd1sNWCVKoA0l	2024-03-19 05:42:21.564073+05:30	read write groups	10	72	2024-03-18 19:42:21.564073+05:30	2024-03-18 19:42:21.564073+05:30	\N	\N
228	x3uV1gMqpXRqkV6jYiMe4U5sPBqVCX	2024-03-20 05:18:06.687068+05:30	read write groups	10	72	2024-03-19 19:18:06.688068+05:30	2024-03-19 19:18:06.688068+05:30	\N	\N
229	mZcactjHD1iQ1qR53hcT8FNz2grjOO	2024-03-20 05:32:21.870467+05:30	read write groups	10	72	2024-03-19 19:32:21.870467+05:30	2024-03-19 19:32:21.870467+05:30	\N	\N
230	V3Ur4Pgs8eR59pdQONE70AkObMMZFI	2024-03-20 20:49:34.083147+05:30	read write groups	10	72	2024-03-20 10:49:34.084148+05:30	2024-03-20 10:49:34.084148+05:30	\N	\N
231	yP70pZT6dAydSM0OczLY20ap2k8Sne	2024-03-20 23:21:00.04019+05:30	read write groups	10	72	2024-03-20 13:21:00.04019+05:30	2024-03-20 13:21:00.04019+05:30	\N	\N
232	mvWM2s54CPcrERM0XwYdimzouSxOIP	2024-03-20 23:30:22.950044+05:30	read write groups	10	78	2024-03-20 13:30:22.950044+05:30	2024-03-20 13:30:22.950044+05:30	\N	\N
233	uwifASs0KMRBsxBE9aahOYG6rTGqy8	2024-03-20 23:30:38.866875+05:30	read write groups	10	72	2024-03-20 13:30:38.867875+05:30	2024-03-20 13:30:38.867875+05:30	\N	\N
234	gIMBgijzUBcsLd3Dq1WO0HEWktYNAK	2024-03-21 07:20:11.112412+05:30	read write groups	10	72	2024-03-20 21:20:11.113412+05:30	2024-03-20 21:20:11.113412+05:30	\N	\N
235	GbDQHclxvKwzsUMWqj7ssEHdCubdxX	2024-03-21 20:23:04.878954+05:30	read write groups	10	72	2024-03-21 10:23:04.879954+05:30	2024-03-21 10:23:04.879954+05:30	\N	\N
236	f7vrAJjybovp5LS693CXD9txu0voBq	2024-03-21 20:28:57.867897+05:30	read write groups	10	72	2024-03-21 10:28:57.868932+05:30	2024-03-21 10:28:57.868932+05:30	\N	\N
237	ECkXYkBDQauchpJlKFwsCjgQrZbdoZ	2024-03-22 00:32:05.811496+05:30	read write groups	10	72	2024-03-21 14:32:05.812494+05:30	2024-03-21 14:32:05.812494+05:30	\N	\N
239	1NKobwsq3VPBB0huIogvSE49jQVZ1E	2024-03-23 22:14:50.891166+05:30	read write groups	10	72	2024-03-23 12:14:50.892158+05:30	2024-03-23 12:14:50.892158+05:30	\N	\N
240	nkFOOkNbPA3vuEa3ybIjJxhl4CZPz9	2024-03-30 06:07:56.590358+05:30	read write groups	10	72	2024-03-29 20:07:56.591358+05:30	2024-03-29 20:07:56.591358+05:30	\N	\N
\.


--
-- Data for Name: oauth2_provider_application; Type: TABLE DATA; Schema: public; Owner: admin
--

COPY public.oauth2_provider_application (id, client_id, redirect_uris, client_type, authorization_grant_type, client_secret, name, user_id, skip_authorization, created, updated, algorithm, post_logout_redirect_uris) FROM stdin;
10	XXqiNqMi9d3039aLr9xVhuwVPC6a72l1bU4sifWb		confidential	password	pbkdf2_sha256$720000$bwtuk0Is8wjmMyorVJSZHK$UFMxeMe+mGUWb2L+EQRoPaXWgr2xGKXLsRajxG3f6CE=		16	f	2024-02-02 15:19:01.540508+05:30	2024-02-02 15:19:05.57816+05:30		
\.


--
-- Data for Name: oauth2_provider_grant; Type: TABLE DATA; Schema: public; Owner: admin
--

COPY public.oauth2_provider_grant (id, code, expires, redirect_uri, scope, application_id, user_id, created, updated, code_challenge, code_challenge_method, nonce, claims) FROM stdin;
\.


--
-- Data for Name: oauth2_provider_idtoken; Type: TABLE DATA; Schema: public; Owner: admin
--

COPY public.oauth2_provider_idtoken (id, jti, expires, scope, created, updated, application_id, user_id) FROM stdin;
\.


--
-- Data for Name: oauth2_provider_refreshtoken; Type: TABLE DATA; Schema: public; Owner: admin
--

COPY public.oauth2_provider_refreshtoken (id, token, access_token_id, application_id, user_id, created, updated, revoked) FROM stdin;
21	4JGkWzB1KMmWYRXuSgsIJtq7qMuROX	21	10	16	2024-02-02 15:22:14.26184+05:30	2024-02-02 15:22:14.26184+05:30	\N
22	n9blnx3lsw2p4TQ52eh5O7yvUN9sbq	22	10	16	2024-02-05 11:23:47.97871+05:30	2024-02-05 11:23:47.97871+05:30	\N
23	X73T8v8pl12Y8vRp3AghOfLKCr62iG	23	10	16	2024-02-05 14:53:50.343859+05:30	2024-02-05 14:53:50.343859+05:30	\N
24	jQBv7FN40N5GQSGucQBUMunxCNwaEL	24	10	8	2024-02-05 15:01:40.42175+05:30	2024-02-05 15:01:40.42175+05:30	\N
25	sakfXXtTdUCbxi8UPS0iNoNwHeQ53P	25	10	16	2024-02-05 15:02:19.387462+05:30	2024-02-05 15:02:19.387462+05:30	\N
26	W4CehKG1IQ0nVwqEIFgffA0AWTDdSR	26	10	16	2024-02-05 16:21:21.681946+05:30	2024-02-05 16:21:21.681946+05:30	\N
27	bHPdLyziBWQ0bC6jyzdse8tT8xhML4	27	10	16	2024-02-06 10:49:43.259488+05:30	2024-02-06 10:49:43.259488+05:30	\N
28	vwGkUe51UlppyFkEksJ6s0ipONQI4t	28	10	16	2024-02-07 11:03:59.727791+05:30	2024-02-07 11:03:59.727791+05:30	\N
29	2GGt18BjLjkyFpWi1zWD8HWlxdrljk	29	10	16	2024-02-07 12:04:24.802695+05:30	2024-02-07 12:04:24.802695+05:30	\N
30	hivSVwOdAczttapoyuqErmIoiAwirR	30	10	16	2024-02-07 12:05:23.2478+05:30	2024-02-07 12:05:23.2478+05:30	\N
31	kR8a28ROMPtNJou1IDnhy0BPVEuXdL	31	10	16	2024-02-07 12:23:20.743989+05:30	2024-02-07 12:23:20.743989+05:30	\N
32	hWdKMBLd2DJvPVa17mIzAXPQ9UH0wk	32	10	16	2024-02-07 13:06:25.023013+05:30	2024-02-07 13:06:25.023013+05:30	\N
33	oa1MOB4JbNjByr8gqJRseOrZvXaRFO	33	10	16	2024-02-07 13:08:31.138735+05:30	2024-02-07 13:08:31.138735+05:30	\N
34	0JMkNJcatqpxiKIafLAD2yGoFBEytG	34	10	16	2024-02-07 13:09:25.550016+05:30	2024-02-07 13:09:25.550016+05:30	\N
35	PnX7vNFdYB7BfYAuTWJ7QaIrPN4JvH	35	10	16	2024-02-07 13:25:40.907431+05:30	2024-02-07 13:25:40.907431+05:30	\N
36	6Zgiflf6r63uZQxrXztVpGc14lYfnT	36	10	16	2024-02-07 13:26:00.951598+05:30	2024-02-07 13:26:00.951598+05:30	\N
37	3e4YC8lOgOH4GMP6GLsNX6PQlxiYuv	37	10	16	2024-02-07 13:28:28.249888+05:30	2024-02-07 13:28:28.249888+05:30	\N
38	9FAVZO8BbvJIyE92Uf2z0DWeIw31Uk	38	10	16	2024-02-07 13:36:49.226872+05:30	2024-02-07 13:36:49.226872+05:30	\N
39	aFRsBSwd6wHjpGpQSSBiD7lSZUXTBj	39	10	16	2024-02-07 13:37:05.920386+05:30	2024-02-07 13:37:05.920386+05:30	\N
40	7OiLSLd4Hy8MUGxAKntITBT5MK6dIK	40	10	16	2024-02-07 13:37:43.242529+05:30	2024-02-07 13:37:43.242529+05:30	\N
41	5lMcl7voYbDPfRy9twdXPKv8cBPOyA	41	10	16	2024-02-07 13:38:04.262613+05:30	2024-02-07 13:38:04.262613+05:30	\N
42	AOpCy5jH5yxe4MrMwmAcxNaU2Meefj	42	10	16	2024-02-07 13:38:26.299699+05:30	2024-02-07 13:38:26.299699+05:30	\N
43	vkckFqAaz2dlY3Us214DwKjMITtYZJ	43	10	16	2024-02-07 13:38:54.062629+05:30	2024-02-07 13:38:54.062629+05:30	\N
44	clZdsIFNTxihZtqsYFdAb2atRYTBgT	44	10	16	2024-02-07 13:40:43.000935+05:30	2024-02-07 13:40:43.000935+05:30	\N
45	oKcaNqnLSrw4XrA55nRfvQ9LspUKsQ	45	10	16	2024-02-07 13:41:25.399802+05:30	2024-02-07 13:41:25.400905+05:30	\N
46	mSAJ9LWYvAC53u52xPJpYdBymKdrYN	46	10	16	2024-02-07 13:41:53.204353+05:30	2024-02-07 13:41:53.204353+05:30	\N
47	HUuGbteLGd1pCHBJr9r7hGobo6YXt7	47	10	16	2024-02-07 13:42:12.532627+05:30	2024-02-07 13:42:12.532627+05:30	\N
48	m8snEqjyvq75NZYCO3e8vbnIqJ28p7	48	10	16	2024-02-07 13:42:46.211736+05:30	2024-02-07 13:42:46.211736+05:30	\N
49	uufpqzCNUFGWPTS92IkVeZ07KudGtG	49	10	16	2024-02-07 13:54:20.317883+05:30	2024-02-07 13:54:20.317883+05:30	\N
50	HfkLvMg9cXgd3iBZz5UXLBitzDmoag	50	10	16	2024-02-07 13:55:01.706216+05:30	2024-02-07 13:55:01.706216+05:30	\N
51	rJtxswxPc24LFW79o3o3hoQ1ZP6gM4	51	10	16	2024-02-07 13:55:32.753955+05:30	2024-02-07 13:55:32.753955+05:30	\N
52	bdi4uAyENAtU0SXRU9AqQQ7RsT9HkG	52	10	16	2024-02-07 13:56:57.944064+05:30	2024-02-07 13:56:57.944064+05:30	\N
53	kZ8T8eyFV0I8LucTZrbYOXJnE30RsI	53	10	16	2024-02-07 13:57:00.163226+05:30	2024-02-07 13:57:00.163226+05:30	\N
54	tKKEAJQ6VSxfaIbK2Q12CZOKwkYivH	54	10	16	2024-02-07 13:57:16.663276+05:30	2024-02-07 13:57:16.663276+05:30	\N
55	BssSSvI4UJGAn4163zVYUyEAukt5bw	55	10	16	2024-02-07 13:57:39.757438+05:30	2024-02-07 13:57:39.757438+05:30	\N
56	1Gs0He1FPbBukdmaMkArFbJWGVD3lz	56	10	16	2024-02-07 14:01:11.970489+05:30	2024-02-07 14:01:11.970489+05:30	\N
57	DXT7aDN8gj5ZIZSQI22Cg4Gvk36RwZ	57	10	16	2024-02-07 14:17:26.784446+05:30	2024-02-07 14:17:26.784446+05:30	\N
58	tXqx22xY8Hp4NImrrblO8pGjf7vbC0	58	10	16	2024-02-07 14:17:52.925564+05:30	2024-02-07 14:17:52.925564+05:30	\N
59	rGv8xm9OkZo3GCH9mCafahQhgCjiI7	59	10	16	2024-02-07 14:20:36.983585+05:30	2024-02-07 14:20:36.983585+05:30	\N
60	SPVWHyBO5RS7bmPiyvFhbTnWiWFC4o	60	10	16	2024-02-07 14:20:40.841007+05:30	2024-02-07 14:20:40.841007+05:30	\N
61	754JO4Dz56KBXyweGJI2LPaM1kiUTe	61	10	16	2024-02-07 14:20:57.413518+05:30	2024-02-07 14:20:57.413518+05:30	\N
62	jvwVOYosSQleiapyNET0XZLVXbgyz4	62	10	16	2024-02-07 14:21:13.578154+05:30	2024-02-07 14:21:13.578154+05:30	\N
63	xgdJWGuORMmWJtxa3NIK9YclrhZJ6N	63	10	16	2024-02-07 14:24:52.91971+05:30	2024-02-07 14:24:52.91971+05:30	\N
64	PxyJuixkc4IyPvuZ3ccYqnO44NrMCT	64	10	16	2024-02-07 14:26:16.69744+05:30	2024-02-07 14:26:16.69744+05:30	\N
65	uLfRUJLDrxcuUULVSue0gXdM92zoo1	65	10	16	2024-02-07 15:34:36.335219+05:30	2024-02-07 15:34:36.335219+05:30	\N
66	nI1zJ935B9RWppFiNxldUnJjedAOH4	66	10	16	2024-02-07 15:38:54.001603+05:30	2024-02-07 15:38:54.001603+05:30	\N
67	2jCPaX7VapUKxLCylnGDD5Q6YhPuHz	67	10	16	2024-02-07 15:39:25.139525+05:30	2024-02-07 15:39:25.139525+05:30	\N
68	TfLok6GzxuqSDBTOHkg00xHaRQ4S8H	68	10	16	2024-02-07 15:40:23.548459+05:30	2024-02-07 15:40:23.548459+05:30	\N
69	bEvMAh1HDMegKhLlMGOMgmIgDA3PDY	69	10	16	2024-02-07 15:40:41.53555+05:30	2024-02-07 15:40:41.53555+05:30	\N
70	6G8xwfiI2xnQVJlcUorZZqzKGEjJOE	70	10	16	2024-02-08 11:29:13.511527+05:30	2024-02-08 11:29:13.511527+05:30	\N
71	5bbi7s3zwxbUAJlrkaeYS5UfCJsV7i	71	10	16	2024-02-08 11:29:30.576552+05:30	2024-02-08 11:29:30.576552+05:30	\N
72	FU4sYV3qgEhqWeRk0HvW20rLo07Rrs	72	10	16	2024-02-08 11:29:42.362875+05:30	2024-02-08 11:29:42.362875+05:30	\N
73	epMobo2Rc2CnrSQGlfuotyyvmgtVa0	73	10	16	2024-02-08 11:38:16.481796+05:30	2024-02-08 11:38:16.481796+05:30	\N
74	GrgZKjR7vqHBCPT2ZfE1nrZgUJ9mb7	74	10	16	2024-02-08 11:38:25.294583+05:30	2024-02-08 11:38:25.295573+05:30	\N
75	EUJ8jf9e16JipSbQD2TfxUqBByZaSB	75	10	16	2024-02-08 11:39:41.947335+05:30	2024-02-08 11:39:41.947335+05:30	\N
76	qU9EoaZ9Wd5n2zSXQvZGeWXTrhqOB1	76	10	16	2024-02-08 11:40:14.208227+05:30	2024-02-08 11:40:14.208227+05:30	\N
77	EoBmQPjCbCrn0VhLrrtujm4g9HDSEE	77	10	16	2024-02-08 11:45:42.033911+05:30	2024-02-08 11:45:42.033911+05:30	\N
78	dKuFbofmtoDniawM2d2Q8z5YbK74f8	78	10	16	2024-02-08 11:46:45.25207+05:30	2024-02-08 11:46:45.25207+05:30	\N
79	q6mQn17OBeWVsI99HvwnhXPimHZMU9	79	10	16	2024-02-08 11:46:56.731764+05:30	2024-02-08 11:46:56.731764+05:30	\N
80	hxKOijY8bXHz3oJTmnIlCOj6AM65K0	80	10	16	2024-02-08 11:47:21.640062+05:30	2024-02-08 11:47:21.640062+05:30	\N
81	hDwq8EEbq0TBC50F887csXeMUSaKdV	81	10	16	2024-02-08 11:47:29.984655+05:30	2024-02-08 11:47:29.984655+05:30	\N
82	Hr8PvmgaCpAS74ZtnUQOMKJ0gun87J	82	10	16	2024-02-08 11:51:06.39728+05:30	2024-02-08 11:51:06.39728+05:30	\N
83	JAkzLExL1E5tOk7heuZ0qWdESfzCA4	83	10	16	2024-02-08 11:51:17.55228+05:30	2024-02-08 11:51:17.55228+05:30	\N
84	w6NjKHHXY0uMtptXPXPq6EbxUoL85O	84	10	16	2024-02-08 12:17:07.482816+05:30	2024-02-08 12:17:07.482816+05:30	\N
85	xs1ELLGZJvLXqHcMTzz5EoOy3H8yI9	85	10	16	2024-02-08 12:17:08.42239+05:30	2024-02-08 12:17:08.42239+05:30	\N
86	vMnVAszL9iHQ1Nhyt5F2srYd4TSQWM	86	10	16	2024-02-08 12:27:07.686858+05:30	2024-02-08 12:27:07.686858+05:30	\N
87	je5MEKkO6l7PA5OXweSKmfvi5I9G6D	87	10	16	2024-02-08 12:27:33.168904+05:30	2024-02-08 12:27:33.168904+05:30	\N
88	WkKLrKgsFfm4XbtzIahu768e2uxWFG	\N	10	16	2024-02-08 12:34:20.102744+05:30	2024-02-08 12:34:50.715249+05:30	2024-02-08 12:34:50.715249+05:30
89	yX9iEg9ZXveImyWp5iahZ8wxzDHF4M	89	10	16	2024-02-08 12:34:50.719999+05:30	2024-02-08 12:34:50.721018+05:30	\N
90	CwyR9vVIYqld8X3kyV5J7HD8iEebxU	\N	10	16	2024-02-08 12:40:59.91418+05:30	2024-02-08 12:42:03.773564+05:30	2024-02-08 12:42:03.773564+05:30
91	MRZY1wZDBxq0HiqAT663lZbeOrF2wn	91	10	16	2024-02-08 12:42:03.777021+05:30	2024-02-08 12:42:03.777021+05:30	\N
92	pi5RUz4toZe6nXt2HY773WyG0vRNLJ	\N	10	16	2024-02-08 12:42:49.230564+05:30	2024-02-08 12:43:04.303329+05:30	2024-02-08 12:43:04.303329+05:30
93	Ei14ssiFiktLtEquZT7U7vz1n54gYA	\N	10	16	2024-02-08 12:43:04.307499+05:30	2024-02-08 12:43:10.084713+05:30	2024-02-08 12:43:10.084713+05:30
94	31bAfGSEbbCIfdxCLCitnwRhxyZ7vP	\N	10	16	2024-02-08 12:43:10.08853+05:30	2024-02-08 12:43:16.621091+05:30	2024-02-08 12:43:16.620566+05:30
95	NImOQpkImjeaJz1vRQ44AGYxWInVho	95	10	16	2024-02-08 12:43:16.624115+05:30	2024-02-08 12:43:16.624115+05:30	\N
96	1Jca4nwWJLMOJCXncx2YuKlgZ8oLK2	96	10	16	2024-02-08 13:04:53.497208+05:30	2024-02-08 13:04:53.497208+05:30	\N
97	MtmfCf3cFx1Cn3Q9cubLM1tHMj42Cx	97	10	16	2024-02-09 11:43:36.429832+05:30	2024-02-09 11:43:36.429832+05:30	\N
98	Y5Y2qN0dFC6Sl0Gm9EbZFvGXZklEym	98	10	16	2024-02-12 13:01:56.83185+05:30	2024-02-12 13:01:56.83185+05:30	\N
99	MgZTcB35yin10V91Av7eyGoEcJB4MN	99	10	16	2024-02-12 13:02:36.581111+05:30	2024-02-12 13:02:36.581111+05:30	\N
100	cEyNANnhzq2uqCVnF8GQXbAnFD2dpb	100	10	16	2024-02-12 13:03:34.442392+05:30	2024-02-12 13:03:34.442392+05:30	\N
101	jyx6YuBXTZLmCThAQrgSSjUU8CoDAK	101	10	16	2024-02-12 13:05:26.036525+05:30	2024-02-12 13:05:26.036525+05:30	\N
102	HJvzc1gLlHC2oBplLUYj5kQvdmvoyx	102	10	16	2024-02-12 13:07:23.023973+05:30	2024-02-12 13:07:23.023973+05:30	\N
103	k6c0pts5H8Wxye9ECFeEuzbJqTB9UK	103	10	16	2024-02-12 13:10:43.586568+05:30	2024-02-12 13:10:43.586568+05:30	\N
104	SPCHTVeHifnrsa0IBz0qHPVOeAsKln	104	10	16	2024-02-12 13:11:37.945506+05:30	2024-02-12 13:11:37.945506+05:30	\N
105	QZEfJQqHjviMgZr07lJwzFR9s4Gwb9	105	10	16	2024-02-12 13:13:42.613384+05:30	2024-02-12 13:13:42.613384+05:30	\N
106	t6a4BFjR9JwX4Buf8ggXmbpONyP7d6	106	10	16	2024-02-12 13:14:06.128257+05:30	2024-02-12 13:14:06.128257+05:30	\N
107	vHSicRx1JHrFv78FMEHuIBQ0XKeDpY	107	10	16	2024-02-12 13:14:10.608915+05:30	2024-02-12 13:14:10.608915+05:30	\N
108	KOpbgNEGEFfhf3v3yearTov8yg6gw7	108	10	16	2024-02-12 13:15:27.975109+05:30	2024-02-12 13:15:27.975109+05:30	\N
109	Lc7ussSEWENhXBtsTuYh9w8rKRaEyb	109	10	16	2024-02-12 13:15:55.709341+05:30	2024-02-12 13:15:55.709341+05:30	\N
110	OCdrACLwH3m8WfF8jCUjux4PxftQMr	110	10	16	2024-02-12 13:16:10.778375+05:30	2024-02-12 13:16:10.778375+05:30	\N
111	tNsgljrHywCwu2CPc0Noxlka5gt1vx	111	10	16	2024-02-12 13:16:23.965833+05:30	2024-02-12 13:16:23.965833+05:30	\N
112	Aq8fcYMWCCO71bn1gRelYK6ub0hr6D	112	10	16	2024-02-12 13:17:04.490873+05:30	2024-02-12 13:17:04.490873+05:30	\N
113	lTvxElCWNQ3sGnGlzlCMwuMF3T34Z1	113	10	16	2024-02-12 15:00:42.531615+05:30	2024-02-12 15:00:42.531615+05:30	\N
114	5yjXx2ec8DWlfNaAyqjcIr6bkfQCGR	114	10	16	2024-02-12 15:00:42.601816+05:30	2024-02-12 15:00:42.601816+05:30	\N
115	Jq0tKjgS2skWh0uGNyG6lwlagPLujy	115	10	16	2024-02-12 15:01:00.340696+05:30	2024-02-12 15:01:00.340696+05:30	\N
116	4xGfvgZd3h4zPnJnm0hJZLZ1eST1uu	116	10	16	2024-02-12 15:01:00.350088+05:30	2024-02-12 15:01:00.350088+05:30	\N
117	TmYo4h6e9camqEcnZg0Dhkz3E00VoR	117	10	16	2024-02-12 15:01:19.894016+05:30	2024-02-12 15:01:19.894016+05:30	\N
118	nDvOeOzYcH5MO8LeWkjzU19swJN8my	118	10	16	2024-02-12 15:01:19.902615+05:30	2024-02-12 15:01:19.902615+05:30	\N
119	Eny18MZdJF9cyx2xao4l77sSCO3OAa	119	10	16	2024-02-12 15:02:07.930747+05:30	2024-02-12 15:02:07.930747+05:30	\N
120	NlVfnOKRsg6tIfOW590xahTqP4b6ns	120	10	16	2024-02-12 15:02:07.933096+05:30	2024-02-12 15:02:07.933096+05:30	\N
121	vkvz19aopkBGPWyQpvQIzYrCO6tExh	121	10	16	2024-02-12 15:02:15.333589+05:30	2024-02-12 15:02:15.333589+05:30	\N
122	8FpUPMeJpUUZzYJuisuCQYY3gcNm8M	122	10	16	2024-02-12 15:02:15.336706+05:30	2024-02-12 15:02:15.336706+05:30	\N
123	8BrBEftHbUWRKzFej2zjCh1j5K89qY	123	10	16	2024-02-12 15:02:23.530235+05:30	2024-02-12 15:02:23.530235+05:30	\N
124	tkFsi3mJTGCVYLvaO834Lja7UayqOP	124	10	16	2024-02-12 15:02:23.550282+05:30	2024-02-12 15:02:23.550282+05:30	\N
125	j9dZX6M1Or2U4VEzXeHsLon9ehHzb9	125	10	16	2024-02-12 15:02:59.864071+05:30	2024-02-12 15:02:59.864071+05:30	\N
126	tXjZbsUu3yJoyzUmWE1D5jvKJIq1Ee	126	10	16	2024-02-12 15:02:59.938502+05:30	2024-02-12 15:02:59.938502+05:30	\N
127	5yjQkCUVMrlnPlswwqhliJIEj7UoZ0	127	10	16	2024-02-15 12:58:40.135009+05:30	2024-02-15 12:58:40.135009+05:30	\N
128	LT2cxElXLMmL57vuxAwypHO976kQeL	128	10	16	2024-02-15 13:44:54.198769+05:30	2024-02-15 13:44:54.198769+05:30	\N
129	PdzEwKu8gJYkew2Iag8vX1ut0BDL2J	129	10	16	2024-02-15 13:45:54.416055+05:30	2024-02-15 13:45:54.416055+05:30	\N
130	ULM5EmGtZaQS3ftsew1VJ9q60vSQEd	130	10	8	2024-02-15 13:46:14.850602+05:30	2024-02-15 13:46:14.850602+05:30	\N
131	VYxM8lVHaFEOShzlrjvOuFOi91mguq	131	10	8	2024-02-15 13:49:36.384985+05:30	2024-02-15 13:49:36.384985+05:30	\N
132	kzPum5YkUjjWx2he1lpyQNqxFXTYRr	132	10	8	2024-02-19 13:22:00.798074+05:30	2024-02-19 13:22:00.798074+05:30	\N
133	uD9dIjOwoN0bONPGAjHnzNXpQqH8sV	133	10	72	2024-02-19 13:22:20.066445+05:30	2024-02-19 13:22:20.066445+05:30	\N
134	4WO8LXT2pIclqu0EA1X9bbnluByRSr	134	10	72	2024-02-19 13:43:48.018689+05:30	2024-02-19 13:43:48.018689+05:30	\N
135	jQV4YOE1hcSCuKMmUPQKFJhovOKl0X	135	10	72	2024-02-19 14:16:35.834491+05:30	2024-02-19 14:16:35.834491+05:30	\N
136	wzkjF35ks3hPVXyy64hLEE4HfbN1Cj	136	10	72	2024-02-19 14:16:56.420132+05:30	2024-02-19 14:16:56.420132+05:30	\N
137	RNbnjBfke1kPNQDKQgHlkox3W7RWza	137	10	72	2024-02-19 14:17:39.265397+05:30	2024-02-19 14:17:39.265397+05:30	\N
138	FsFWyIIz0Vp6r3haCjgy4RRrxkL8jq	138	10	72	2024-02-20 19:01:46.760341+05:30	2024-02-20 19:01:46.760341+05:30	\N
139	t1MSmmqU9BLhvjSi9jfv2BDCWR78UH	139	10	72	2024-02-20 19:02:53.138018+05:30	2024-02-20 19:02:53.138018+05:30	\N
140	Rgii3wjymXoBNdJONyYfLJ9gJQIvqb	140	10	72	2024-02-20 19:03:45.783684+05:30	2024-02-20 19:03:45.783684+05:30	\N
141	9lq0WiEArKlmW8oGNKAPpHFjxHt3zm	141	10	72	2024-02-20 19:04:23.617438+05:30	2024-02-20 19:04:23.617438+05:30	\N
142	EiNFAlI9y3ZiOwkKERwLSaKlq01HDA	142	10	72	2024-02-20 19:04:32.399512+05:30	2024-02-20 19:04:32.399512+05:30	\N
143	B9FtRlYobwJ0hSGzGCci9gGPxdJGyn	143	10	72	2024-02-20 19:04:39.476529+05:30	2024-02-20 19:04:39.476529+05:30	\N
144	NLNMb5bvbcTXHkZ589ND2GGY9EXdnH	144	10	72	2024-02-20 19:04:40.241023+05:30	2024-02-20 19:04:40.241023+05:30	\N
145	lAEavvJbGXzvOntzlRdkjLNpgkurRI	145	10	72	2024-02-20 19:04:55.387763+05:30	2024-02-20 19:04:55.387763+05:30	\N
146	arzcJIL8ed0c2Iu7HE5wgOefDiJOZK	146	10	72	2024-02-20 19:05:33.399558+05:30	2024-02-20 19:05:33.399558+05:30	\N
147	hYu1HE5DcBI4ODHbo0cTQ36PluWJ2B	147	10	72	2024-02-20 19:10:38.006064+05:30	2024-02-20 19:10:38.006064+05:30	\N
148	dHimyBbWLesvBKudKPFUqGdg8UcJYX	148	10	72	2024-02-20 19:10:49.067249+05:30	2024-02-20 19:10:49.067249+05:30	\N
149	YVqyIkdAEluKOScGE7RJb0sqzRizGu	149	10	72	2024-02-20 19:11:29.598912+05:30	2024-02-20 19:11:29.598912+05:30	\N
150	NAIWzwphqbxlMOpQ5JmH27gYObna4M	150	10	72	2024-02-20 19:13:06.284399+05:30	2024-02-20 19:13:06.284399+05:30	\N
151	syE2v5lSrL1iLAxOm215G6y35p4Gob	151	10	72	2024-02-20 19:14:21.044209+05:30	2024-02-20 19:14:21.044209+05:30	\N
152	JSuouZYJ5X1PQyU6VffeAf4eEdDRwx	152	10	72	2024-02-20 19:14:48.024945+05:30	2024-02-20 19:14:48.024945+05:30	\N
153	3ve347XzBGiB48yWNdVoTGBtAS4z4q	153	10	72	2024-02-20 19:15:02.783321+05:30	2024-02-20 19:15:02.783321+05:30	\N
154	kONBkGXi2QbGxjWnfeEvojyNt6u8bP	154	10	72	2024-02-20 19:15:42.036213+05:30	2024-02-20 19:15:42.036213+05:30	\N
155	MPFx0DjXmWCAYtFqo70SSK1oD3C3u2	155	10	72	2024-02-20 19:16:06.09428+05:30	2024-02-20 19:16:06.09428+05:30	\N
156	pvJV389rJLOdsc3nk1ZTO4b85l5BLM	156	10	72	2024-02-20 19:16:33.661433+05:30	2024-02-20 19:16:33.661433+05:30	\N
157	1pc0jTsmP4O0kCgt22yoFuFV0Rl4bD	157	10	72	2024-02-20 19:16:46.17157+05:30	2024-02-20 19:16:46.172577+05:30	\N
158	umWwSIFErAvHg57FTg0kpIerNFAKbR	158	10	72	2024-02-20 19:17:04.500738+05:30	2024-02-20 19:17:04.500738+05:30	\N
159	R6CyxeeApLJ3wI4PqIJKGqgz4PTdf1	159	10	72	2024-02-20 19:18:05.547713+05:30	2024-02-20 19:18:05.547713+05:30	\N
160	bSqoZWjDdWzwEN7jJOLuq8r1thOo8I	160	10	72	2024-02-20 19:18:39.218291+05:30	2024-02-20 19:18:39.218291+05:30	\N
161	P5O4z0vD1yO2wz19x38C47DTa97sZq	161	10	72	2024-02-20 19:18:47.879838+05:30	2024-02-20 19:18:47.879838+05:30	\N
162	dmKYoPMXsMRzyU7FLO0SJ31gJv0ol2	162	10	72	2024-02-20 19:20:44.004793+05:30	2024-02-20 19:20:44.00579+05:30	\N
163	eikyxjfGMZFjBd8oH1e2XNYHHvVcjp	163	10	72	2024-02-20 19:22:07.547081+05:30	2024-02-20 19:22:07.547081+05:30	\N
164	JrBt4d6cIScWQgFATsdYt5YYQZyQrM	164	10	72	2024-02-21 11:10:57.489681+05:30	2024-02-21 11:10:57.489681+05:30	\N
165	lfr34R4IOhSN1iujZMQprhEegRzKCp	165	10	72	2024-02-21 11:37:01.514648+05:30	2024-02-21 11:37:01.514648+05:30	\N
166	E1gPbO1kWWC2GOvhy7FxiNoUmsCafC	166	10	8	2024-02-21 12:12:08.194293+05:30	2024-02-21 12:12:08.194293+05:30	\N
167	fyXDghgEdRQERFmt2RELtiWUeE1NAZ	167	10	72	2024-02-21 12:28:21.996014+05:30	2024-02-21 12:28:21.996014+05:30	\N
168	k060tSUKW26LzcieEyZHPNbnwYXLWs	168	10	8	2024-02-21 12:36:52.080705+05:30	2024-02-21 12:36:52.080705+05:30	\N
169	1TRveVgFWVb2IZ7OLypnYppEovtSoY	169	10	72	2024-02-21 12:39:07.616507+05:30	2024-02-21 12:39:07.616507+05:30	\N
170	JjRKPaQpobR1S3uKrNFvWDNkI8v0su	170	10	72	2024-02-21 12:39:49.475752+05:30	2024-02-21 12:39:49.475752+05:30	\N
171	fs4RPhCcpRQmnudyc3Xnb0TwlMuwwl	171	10	72	2024-02-21 12:57:50.906507+05:30	2024-02-21 12:57:50.906507+05:30	\N
172	IsPkGplx6IiC275j5nRCCaf7A8m2Z7	172	10	72	2024-02-21 12:58:18.109038+05:30	2024-02-21 12:58:18.109038+05:30	\N
173	KypyA22WgyAvPwFymIcR41J0Y7OWK0	173	10	72	2024-02-21 12:59:03.333321+05:30	2024-02-21 12:59:03.333321+05:30	\N
174	nkQTgh9zhuntM3ozQHyL5Zc271Esf3	174	10	72	2024-02-21 12:59:13.19077+05:30	2024-02-21 12:59:13.19077+05:30	\N
175	eem19zAJy8sMIrKFL1feiurEx2kHwF	175	10	72	2024-02-21 12:59:24.15651+05:30	2024-02-21 12:59:24.15651+05:30	\N
176	n5hDGQMQ72DCmnrgEhtMf4fe67jYBK	176	10	72	2024-02-21 12:59:32.449943+05:30	2024-02-21 12:59:32.449943+05:30	\N
177	t9rRDesres3yxi2EAdSeWzbFVxQB1o	177	10	72	2024-02-21 12:59:49.413249+05:30	2024-02-21 12:59:49.413249+05:30	\N
178	dTulCrqVsubAM7kRARs2YBz8q0g6iS	178	10	72	2024-02-21 13:00:01.956522+05:30	2024-02-21 13:00:01.956522+05:30	\N
179	JpYiP5M4I2AFGlJHSuwpwK7ElNCZDW	179	10	72	2024-02-21 13:00:09.389101+05:30	2024-02-21 13:00:09.389101+05:30	\N
180	af5poSPgn4tO1r4njDHURJh84Mrqgt	180	10	72	2024-02-21 13:00:17.261824+05:30	2024-02-21 13:00:17.261824+05:30	\N
181	W1Dqpf6NHRe46dFvids2TOFNwvqkdS	181	10	72	2024-02-21 13:00:48.673424+05:30	2024-02-21 13:00:48.673424+05:30	\N
182	VNOfl2AxOgHNRl581fyVyzPgPewUlR	182	10	72	2024-02-21 13:07:41.026048+05:30	2024-02-21 13:07:41.026048+05:30	\N
183	uyuWA97eB94wN6zdtfZhCPUsWtEUNp	183	10	72	2024-02-21 13:08:01.003204+05:30	2024-02-21 13:08:01.003204+05:30	\N
184	rYIkXrQNfYn14ijmonPQF7qcvswMQJ	184	10	8	2024-02-21 14:31:25.37384+05:30	2024-02-21 14:31:25.37384+05:30	\N
185	DdVjW8KWCCeiWQ7OlqXL6PvwKaRsVL	185	10	72	2024-02-27 19:46:26.372087+05:30	2024-02-27 19:46:26.372087+05:30	\N
186	3AhGXcuCDBH67icrFfS8DZccenT2oR	186	10	72	2024-02-27 20:16:32.703927+05:30	2024-02-27 20:16:32.703927+05:30	\N
187	R2M0qq3Vo6hjFGnD6UKmgOpdRrH13u	\N	10	72	2024-02-27 20:16:45.830355+05:30	2024-02-27 20:16:45.830355+05:30	\N
188	qfJA9IZuqaelslvtcb3m3OTBuNvh7d	\N	10	72	2024-02-27 20:38:25.700655+05:30	2024-02-27 20:38:25.700655+05:30	\N
189	LnNiixPTli7OC1Cjqqhv326xSL8rBn	189	10	8	2024-02-27 21:48:25.712021+05:30	2024-02-27 21:48:25.712021+05:30	\N
190	41E0oAO7hTnbfJcumXBEDviRovsJlW	\N	10	72	2024-02-27 21:52:41.152568+05:30	2024-02-27 21:52:41.152568+05:30	\N
193	EgAcYYhJm0g3vH3gsz6CokT5JaSIwR	193	10	72	2024-02-27 22:01:48.532831+05:30	2024-02-27 22:01:48.532831+05:30	\N
194	tsjOyZpsTNcHceI3OUPuh6HLzVx66p	194	10	72	2024-02-27 22:08:04.236527+05:30	2024-02-27 22:08:04.236527+05:30	\N
195	sEWJlUPNMBjF8ZbwBXkPxDfs2yUbrX	195	10	72	2024-02-27 22:18:17.160167+05:30	2024-02-27 22:18:17.161172+05:30	\N
203	Z6zSoiPgzYsbGQa3XlG6bG0szvLvPs	203	10	72	2024-02-27 22:36:58.524694+05:30	2024-02-27 22:36:58.524694+05:30	\N
204	DNGAzXZ4XEGiOTy77qGq1RYX0LDLuy	204	10	72	2024-02-28 12:49:26.945319+05:30	2024-02-28 12:49:26.945319+05:30	\N
205	YWBMCQCyffDcPNDEd4PxKL89aI7sS3	205	10	72	2024-02-28 13:35:54.780366+05:30	2024-02-28 13:35:54.780366+05:30	\N
206	nMXKP6H5z5V7JirWkJwU09iDg2taaO	206	10	8	2024-02-28 18:22:41.780872+05:30	2024-02-28 18:22:41.780872+05:30	\N
207	BvvLErIUC4g3jqOzV6aOugAaUAWmtB	207	10	78	2024-02-28 18:24:18.041657+05:30	2024-02-28 18:24:18.041657+05:30	\N
208	AKC6o9iT48yArSgZx6183v9uODt1w9	208	10	72	2024-02-28 18:40:02.933997+05:30	2024-02-28 18:40:02.933997+05:30	\N
209	cs0mSQCrP5C1MzViccgLCFJHKVD5CJ	209	10	72	2024-02-28 19:11:59.515984+05:30	2024-02-28 19:11:59.515984+05:30	\N
210	9k2iSgA6sHnq3jrGGKYE2hvofyvokD	210	10	72	2024-02-29 11:25:07.849552+05:30	2024-02-29 11:25:07.849552+05:30	\N
211	qZk77covuKLgxhLc6w0GgxImDYRAPI	211	10	72	2024-02-29 11:28:43.432885+05:30	2024-02-29 11:28:43.432885+05:30	\N
215	HGATyxWCtsNzufiZluGiyHimCivZE9	215	10	72	2024-03-06 20:19:24.824464+05:30	2024-03-06 20:19:24.824464+05:30	\N
216	RDYi5H4IdRa51bpt4droRceXa5lfjS	216	10	72	2024-03-07 19:10:57.594854+05:30	2024-03-07 19:10:57.594854+05:30	\N
217	2FNAPXrRZjjZcQbTUvRo8MdaVCiC4y	217	10	72	2024-03-07 19:13:12.61975+05:30	2024-03-07 19:13:12.61975+05:30	\N
218	45nZneEjuuhVQLw8Q5BPEwgoxtidG5	\N	10	72	2024-03-07 22:14:06.946874+05:30	2024-03-08 11:34:19.487116+05:30	2024-03-08 11:34:19.486094+05:30
219	DuT3P9Ae1nB3upjNoOQ9fDN15Tk5NA	219	10	72	2024-03-08 11:34:19.494744+05:30	2024-03-08 11:34:19.494744+05:30	\N
220	4RXdcaRXZ9tfiLy6dpFnG1KJYdGG7N	220	10	72	2024-03-08 12:43:04.730016+05:30	2024-03-08 12:43:04.730016+05:30	\N
221	SPJwv2yZqFNuPlF7GsB40MI07HIU2j	221	10	72	2024-03-11 09:40:23.294062+05:30	2024-03-11 09:40:23.294062+05:30	\N
223	R95b4c3BwUS0qijMfV6cWFkTRvZAXL	223	10	72	2024-03-12 12:09:04.527024+05:30	2024-03-12 12:09:04.527024+05:30	\N
224	Ixs9V0Xq2QghLJda5Hc76vB3Ypw7Of	224	10	72	2024-03-12 12:52:54.872111+05:30	2024-03-12 12:52:54.872111+05:30	\N
225	JcFSt8nYeUawHCbmF2L75wzstgyJ9T	225	10	72	2024-03-13 14:34:15.162256+05:30	2024-03-13 14:34:15.162256+05:30	\N
226	lQAnsgQKHv11EBgcMJcljhXfLcDoUX	226	10	72	2024-03-18 12:27:25.472592+05:30	2024-03-18 12:27:25.472592+05:30	\N
227	AQ4m8ccSgocniFViVhRaW56CjvRZ76	227	10	72	2024-03-18 19:42:21.583924+05:30	2024-03-18 19:42:21.583924+05:30	\N
228	7We4FmUPqrPwiy2MatFnwVTfwKyMKl	228	10	72	2024-03-19 19:18:06.702765+05:30	2024-03-19 19:18:06.702765+05:30	\N
229	px5OaGC2vnEjr8FKm4wHJuKGvDWVO6	229	10	72	2024-03-19 19:32:21.881611+05:30	2024-03-19 19:32:21.881611+05:30	\N
230	zdUGBFjM5Hmre8ba38RmzKk2v0UYg0	230	10	72	2024-03-20 10:49:34.092084+05:30	2024-03-20 10:49:34.092084+05:30	\N
231	GB46AsX3Yz9sCAwxbs1KiYNGTHkJoG	231	10	72	2024-03-20 13:21:00.055236+05:30	2024-03-20 13:21:00.055236+05:30	\N
232	oIoG7qjPrDanN85wqPEkoczWJTtGnT	232	10	78	2024-03-20 13:30:22.95913+05:30	2024-03-20 13:30:22.95913+05:30	\N
233	4HCGAWdWJ2dBLu6mhYy4MOdc9lGlRS	233	10	72	2024-03-20 13:30:38.870446+05:30	2024-03-20 13:30:38.870446+05:30	\N
234	5Npd0fAOEJ5PCXwCWzwl2U0ijHW4Fo	234	10	72	2024-03-20 21:20:11.122442+05:30	2024-03-20 21:20:11.122442+05:30	\N
235	KS77QOmSe3NnZFwHdF1a4keSl2LmAt	235	10	72	2024-03-21 10:23:04.896775+05:30	2024-03-21 10:23:04.896775+05:30	\N
236	AhnHle9djS5IX13r4C09nW6lcIcovw	236	10	72	2024-03-21 10:28:57.872493+05:30	2024-03-21 10:28:57.872493+05:30	\N
237	nMLIveDFKdsxKD1DzGoGLjvpFg1OYq	237	10	72	2024-03-21 14:32:05.819187+05:30	2024-03-21 14:32:05.819187+05:30	\N
239	4vJVXtvcUyo05MWanlbHyriKnnF1Zy	239	10	72	2024-03-23 12:14:50.894172+05:30	2024-03-23 12:14:50.894172+05:30	\N
240	92ILgB2VFHKiQKlrFQS34cgm0tm0S8	240	10	72	2024-03-29 20:07:56.622403+05:30	2024-03-29 20:07:56.622403+05:30	\N
\.


--
-- Data for Name: orders_order; Type: TABLE DATA; Schema: public; Owner: admin
--

COPY public.orders_order (id, total, date, user_id) FROM stdin;
1	8.00	2024-03-20 22:55:22.224738+05:30	72
2	8.00	2024-03-20 22:57:02.503148+05:30	72
3	24.00	2024-03-21 10:33:02.968097+05:30	72
4	24.00	2024-03-21 14:33:11.436569+05:30	72
\.


--
-- Data for Name: orders_orderitem; Type: TABLE DATA; Schema: public; Owner: admin
--

COPY public.orders_orderitem (id, quantity, price, order_id, product_id) FROM stdin;
1	2	800.00	2	33
2	4	1600.00	3	33
3	2	800.00	3	34
4	4	1600.00	4	33
5	2	800.00	4	34
\.


--
-- Data for Name: orders_orderpayment; Type: TABLE DATA; Schema: public; Owner: admin
--

COPY public.orders_orderpayment (id, payment_type, date, stripe_payment_id, order_id) FROM stdin;
1	CARD	2024-03-20 22:55:22.239736+05:30	pi_3OwSt4SC6puTsg1H0uzJG20c	1
2	CARD	2024-03-20 22:57:02.507017+05:30	pi_3OwSudSC6puTsg1H09ggYc9d	2
3	CARD	2024-03-21 10:33:02.97111+05:30	pi_3Owdm1SC6puTsg1H19kiQjVN	3
4	CARD	2024-03-21 14:33:11.439659+05:30	pi_3OwhWcSC6puTsg1H0bkIYvmF	4
\.


--
-- Data for Name: orders_orderstatus; Type: TABLE DATA; Schema: public; Owner: admin
--

COPY public.orders_orderstatus (id, status, updated_at, order_id) FROM stdin;
1	CONFIRMED	2024-03-20 22:55:22.245736+05:30	1
2	CONFIRMED	2024-03-20 22:57:02.510509+05:30	2
3	CONFIRMED	2024-03-21 10:33:02.975211+05:30	3
4	CONFIRMED	2024-03-21 14:33:11.441893+05:30	4
\.


--
-- Data for Name: products_category; Type: TABLE DATA; Schema: public; Owner: admin
--

COPY public.products_category (id, name, parent_category_id) FROM stdin;
\.


--
-- Data for Name: products_image; Type: TABLE DATA; Schema: public; Owner: admin
--

COPY public.products_image (id, image, created_at, modified_at, product_id) FROM stdin;
1	products/assets/bAss/max-maury-martineau-zelda-totk-maxtronaute.jpg	2024-03-08 20:09:29.823399+05:30	2024-03-08 20:09:29.823399+05:30	1
\.


--
-- Data for Name: products_product; Type: TABLE DATA; Schema: public; Owner: admin
--

COPY public.products_product (id, name, description, price, quantity, created_at, created_by_id, modified_at, tags, category_id, stripe_price_id) FROM stdin;
1	bAss	issa bAss	123.00	10	2024-02-15 12:40:41.676859+05:30	\N	2024-02-15 12:40:41.697355+05:30	\N	\N	\N
4	geetor	geetor hai bhaya	123.00	10	2024-02-15 13:02:26.543287+05:30	16	2024-02-15 13:02:26.543287+05:30	\N	\N	\N
33	piano	i am a peeeuhnist	400.00	4	2024-03-20 13:21:13.202501+05:30	72	2024-03-20 13:21:13.988008+05:30	\N	\N	price_1OwJvXSC6puTsg1HHffwxWjv
34	drums	drums go booom	400.00	8	2024-03-21 10:29:09.982086+05:30	72	2024-03-21 10:29:10.821252+05:30	\N	\N	price_1OwdicSC6puTsg1HkoxhVPWF
\.


--
-- Data for Name: products_productcategory; Type: TABLE DATA; Schema: public; Owner: admin
--

COPY public.products_productcategory (id, created_at, modified_at, category_id, product_id) FROM stdin;
\.


--
-- Data for Name: products_review; Type: TABLE DATA; Schema: public; Owner: admin
--

COPY public.products_review (id, stars, title, comment, product_id, created_at, user_id) FROM stdin;
1	4	Seeshtum phad diya biro	Ek dum aag 	1	2024-02-15 14:17:00.218694+05:30	8
2	4	Seeshtum phad diya biro	Ek dum aag 	1	2024-02-15 14:17:58.05129+05:30	8
3	4	Seeshtum phad diya biro	Ek dum aag 	1	2024-02-15 14:18:10.30728+05:30	8
4	4	Seeshtum phad diya biro	Ek dum aag 	1	2024-02-15 14:18:18.601101+05:30	16
5	4	Seeshtum phad diya biro	Ek dum aag ab to geetor pe bhi bhaya kya gazab kaam kiye ho 	4	2024-02-15 15:40:33.70888+05:30	16
\.


--
-- Data for Name: shop_cart; Type: TABLE DATA; Schema: public; Owner: admin
--

COPY public.shop_cart (id, created_at, modified_at, user_id) FROM stdin;
1	2024-02-28 16:35:50.961055+05:30	2024-02-28 16:35:50.964614+05:30	72
2	2024-02-28 18:22:53.847086+05:30	2024-02-28 18:22:53.852576+05:30	8
3	2024-02-28 18:24:33.316234+05:30	2024-02-28 18:24:33.317233+05:30	78
\.


--
-- Data for Name: shop_cartitem; Type: TABLE DATA; Schema: public; Owner: admin
--

COPY public.shop_cartitem (id, quantity, subtotal, created_at, modified_at, cart_id, product_id) FROM stdin;
16	4	1600.00	2024-03-21 10:30:47.465885+05:30	2024-03-21 10:30:47.46992+05:30	1	34
15	2	800.00	2024-03-20 13:30:53.577312+05:30	2024-03-21 10:30:53.840291+05:30	1	33
\.


--
-- Name: accounts_purchasehistory_id_seq; Type: SEQUENCE SET; Schema: public; Owner: admin
--

SELECT pg_catalog.setval('public.accounts_purchasehistory_id_seq', 1, false);


--
-- Name: accounts_user_groups_id_seq; Type: SEQUENCE SET; Schema: public; Owner: admin
--

SELECT pg_catalog.setval('public.accounts_user_groups_id_seq', 1, false);


--
-- Name: accounts_user_id_seq; Type: SEQUENCE SET; Schema: public; Owner: admin
--

SELECT pg_catalog.setval('public.accounts_user_id_seq', 79, true);


--
-- Name: accounts_user_user_permissions_id_seq; Type: SEQUENCE SET; Schema: public; Owner: admin
--

SELECT pg_catalog.setval('public.accounts_user_user_permissions_id_seq', 1, false);


--
-- Name: accounts_userprofile_id_seq; Type: SEQUENCE SET; Schema: public; Owner: admin
--

SELECT pg_catalog.setval('public.accounts_userprofile_id_seq', 3, true);


--
-- Name: auth_group_id_seq; Type: SEQUENCE SET; Schema: public; Owner: admin
--

SELECT pg_catalog.setval('public.auth_group_id_seq', 1, false);


--
-- Name: auth_group_permissions_id_seq; Type: SEQUENCE SET; Schema: public; Owner: admin
--

SELECT pg_catalog.setval('public.auth_group_permissions_id_seq', 1, false);


--
-- Name: auth_permission_id_seq; Type: SEQUENCE SET; Schema: public; Owner: admin
--

SELECT pg_catalog.setval('public.auth_permission_id_seq', 96, true);


--
-- Name: django_admin_log_id_seq; Type: SEQUENCE SET; Schema: public; Owner: admin
--

SELECT pg_catalog.setval('public.django_admin_log_id_seq', 18, true);


--
-- Name: django_content_type_id_seq; Type: SEQUENCE SET; Schema: public; Owner: admin
--

SELECT pg_catalog.setval('public.django_content_type_id_seq', 24, true);


--
-- Name: django_migrations_id_seq; Type: SEQUENCE SET; Schema: public; Owner: admin
--

SELECT pg_catalog.setval('public.django_migrations_id_seq', 44, true);


--
-- Name: oauth2_provider_accesstoken_id_seq; Type: SEQUENCE SET; Schema: public; Owner: admin
--

SELECT pg_catalog.setval('public.oauth2_provider_accesstoken_id_seq', 240, true);


--
-- Name: oauth2_provider_application_id_seq; Type: SEQUENCE SET; Schema: public; Owner: admin
--

SELECT pg_catalog.setval('public.oauth2_provider_application_id_seq', 10, true);


--
-- Name: oauth2_provider_grant_id_seq; Type: SEQUENCE SET; Schema: public; Owner: admin
--

SELECT pg_catalog.setval('public.oauth2_provider_grant_id_seq', 1, true);


--
-- Name: oauth2_provider_idtoken_id_seq; Type: SEQUENCE SET; Schema: public; Owner: admin
--

SELECT pg_catalog.setval('public.oauth2_provider_idtoken_id_seq', 1, false);


--
-- Name: oauth2_provider_refreshtoken_id_seq; Type: SEQUENCE SET; Schema: public; Owner: admin
--

SELECT pg_catalog.setval('public.oauth2_provider_refreshtoken_id_seq', 240, true);


--
-- Name: orders_order_id_seq; Type: SEQUENCE SET; Schema: public; Owner: admin
--

SELECT pg_catalog.setval('public.orders_order_id_seq', 4, true);


--
-- Name: orders_orderitem_id_seq; Type: SEQUENCE SET; Schema: public; Owner: admin
--

SELECT pg_catalog.setval('public.orders_orderitem_id_seq', 5, true);


--
-- Name: orders_orderpayment_id_seq; Type: SEQUENCE SET; Schema: public; Owner: admin
--

SELECT pg_catalog.setval('public.orders_orderpayment_id_seq', 4, true);


--
-- Name: orders_orderstatus_id_seq; Type: SEQUENCE SET; Schema: public; Owner: admin
--

SELECT pg_catalog.setval('public.orders_orderstatus_id_seq', 4, true);


--
-- Name: products_category_id_seq; Type: SEQUENCE SET; Schema: public; Owner: admin
--

SELECT pg_catalog.setval('public.products_category_id_seq', 1, false);


--
-- Name: products_image_id_seq; Type: SEQUENCE SET; Schema: public; Owner: admin
--

SELECT pg_catalog.setval('public.products_image_id_seq', 1, true);


--
-- Name: products_product_id_seq; Type: SEQUENCE SET; Schema: public; Owner: admin
--

SELECT pg_catalog.setval('public.products_product_id_seq', 34, true);


--
-- Name: products_productcategory_id_seq; Type: SEQUENCE SET; Schema: public; Owner: admin
--

SELECT pg_catalog.setval('public.products_productcategory_id_seq', 1, false);


--
-- Name: products_review_id_seq; Type: SEQUENCE SET; Schema: public; Owner: admin
--

SELECT pg_catalog.setval('public.products_review_id_seq', 5, true);


--
-- Name: shop_cart_id_seq; Type: SEQUENCE SET; Schema: public; Owner: admin
--

SELECT pg_catalog.setval('public.shop_cart_id_seq', 3, true);


--
-- Name: shop_cartitem_id_seq; Type: SEQUENCE SET; Schema: public; Owner: admin
--

SELECT pg_catalog.setval('public.shop_cartitem_id_seq', 16, true);


--
-- Name: accounts_purchasehistory accounts_purchasehistory_pkey; Type: CONSTRAINT; Schema: public; Owner: admin
--

ALTER TABLE ONLY public.accounts_purchasehistory
    ADD CONSTRAINT accounts_purchasehistory_pkey PRIMARY KEY (id);


--
-- Name: accounts_user accounts_user_email_key; Type: CONSTRAINT; Schema: public; Owner: admin
--

ALTER TABLE ONLY public.accounts_user
    ADD CONSTRAINT accounts_user_email_key UNIQUE (email);


--
-- Name: accounts_user_groups accounts_user_groups_pkey; Type: CONSTRAINT; Schema: public; Owner: admin
--

ALTER TABLE ONLY public.accounts_user_groups
    ADD CONSTRAINT accounts_user_groups_pkey PRIMARY KEY (id);


--
-- Name: accounts_user_groups accounts_user_groups_user_id_group_id_59c0b32f_uniq; Type: CONSTRAINT; Schema: public; Owner: admin
--

ALTER TABLE ONLY public.accounts_user_groups
    ADD CONSTRAINT accounts_user_groups_user_id_group_id_59c0b32f_uniq UNIQUE (user_id, group_id);


--
-- Name: accounts_user accounts_user_pkey; Type: CONSTRAINT; Schema: public; Owner: admin
--

ALTER TABLE ONLY public.accounts_user
    ADD CONSTRAINT accounts_user_pkey PRIMARY KEY (id);


--
-- Name: accounts_user_user_permissions accounts_user_user_permi_user_id_permission_id_2ab516c2_uniq; Type: CONSTRAINT; Schema: public; Owner: admin
--

ALTER TABLE ONLY public.accounts_user_user_permissions
    ADD CONSTRAINT accounts_user_user_permi_user_id_permission_id_2ab516c2_uniq UNIQUE (user_id, permission_id);


--
-- Name: accounts_user_user_permissions accounts_user_user_permissions_pkey; Type: CONSTRAINT; Schema: public; Owner: admin
--

ALTER TABLE ONLY public.accounts_user_user_permissions
    ADD CONSTRAINT accounts_user_user_permissions_pkey PRIMARY KEY (id);


--
-- Name: accounts_user accounts_user_username_key; Type: CONSTRAINT; Schema: public; Owner: admin
--

ALTER TABLE ONLY public.accounts_user
    ADD CONSTRAINT accounts_user_username_key UNIQUE (username);


--
-- Name: accounts_userprofile accounts_userprofile_pkey; Type: CONSTRAINT; Schema: public; Owner: admin
--

ALTER TABLE ONLY public.accounts_userprofile
    ADD CONSTRAINT accounts_userprofile_pkey PRIMARY KEY (id);


--
-- Name: accounts_userprofile accounts_userprofile_user_id_key; Type: CONSTRAINT; Schema: public; Owner: admin
--

ALTER TABLE ONLY public.accounts_userprofile
    ADD CONSTRAINT accounts_userprofile_user_id_key UNIQUE (user_id);


--
-- Name: auth_group auth_group_name_key; Type: CONSTRAINT; Schema: public; Owner: admin
--

ALTER TABLE ONLY public.auth_group
    ADD CONSTRAINT auth_group_name_key UNIQUE (name);


--
-- Name: auth_group_permissions auth_group_permissions_group_id_permission_id_0cd325b0_uniq; Type: CONSTRAINT; Schema: public; Owner: admin
--

ALTER TABLE ONLY public.auth_group_permissions
    ADD CONSTRAINT auth_group_permissions_group_id_permission_id_0cd325b0_uniq UNIQUE (group_id, permission_id);


--
-- Name: auth_group_permissions auth_group_permissions_pkey; Type: CONSTRAINT; Schema: public; Owner: admin
--

ALTER TABLE ONLY public.auth_group_permissions
    ADD CONSTRAINT auth_group_permissions_pkey PRIMARY KEY (id);


--
-- Name: auth_group auth_group_pkey; Type: CONSTRAINT; Schema: public; Owner: admin
--

ALTER TABLE ONLY public.auth_group
    ADD CONSTRAINT auth_group_pkey PRIMARY KEY (id);


--
-- Name: auth_permission auth_permission_content_type_id_codename_01ab375a_uniq; Type: CONSTRAINT; Schema: public; Owner: admin
--

ALTER TABLE ONLY public.auth_permission
    ADD CONSTRAINT auth_permission_content_type_id_codename_01ab375a_uniq UNIQUE (content_type_id, codename);


--
-- Name: auth_permission auth_permission_pkey; Type: CONSTRAINT; Schema: public; Owner: admin
--

ALTER TABLE ONLY public.auth_permission
    ADD CONSTRAINT auth_permission_pkey PRIMARY KEY (id);


--
-- Name: django_admin_log django_admin_log_pkey; Type: CONSTRAINT; Schema: public; Owner: admin
--

ALTER TABLE ONLY public.django_admin_log
    ADD CONSTRAINT django_admin_log_pkey PRIMARY KEY (id);


--
-- Name: django_content_type django_content_type_app_label_model_76bd3d3b_uniq; Type: CONSTRAINT; Schema: public; Owner: admin
--

ALTER TABLE ONLY public.django_content_type
    ADD CONSTRAINT django_content_type_app_label_model_76bd3d3b_uniq UNIQUE (app_label, model);


--
-- Name: django_content_type django_content_type_pkey; Type: CONSTRAINT; Schema: public; Owner: admin
--

ALTER TABLE ONLY public.django_content_type
    ADD CONSTRAINT django_content_type_pkey PRIMARY KEY (id);


--
-- Name: django_migrations django_migrations_pkey; Type: CONSTRAINT; Schema: public; Owner: admin
--

ALTER TABLE ONLY public.django_migrations
    ADD CONSTRAINT django_migrations_pkey PRIMARY KEY (id);


--
-- Name: django_session django_session_pkey; Type: CONSTRAINT; Schema: public; Owner: admin
--

ALTER TABLE ONLY public.django_session
    ADD CONSTRAINT django_session_pkey PRIMARY KEY (session_key);


--
-- Name: oauth2_provider_accesstoken oauth2_provider_accesstoken_id_token_id_key; Type: CONSTRAINT; Schema: public; Owner: admin
--

ALTER TABLE ONLY public.oauth2_provider_accesstoken
    ADD CONSTRAINT oauth2_provider_accesstoken_id_token_id_key UNIQUE (id_token_id);


--
-- Name: oauth2_provider_accesstoken oauth2_provider_accesstoken_pkey; Type: CONSTRAINT; Schema: public; Owner: admin
--

ALTER TABLE ONLY public.oauth2_provider_accesstoken
    ADD CONSTRAINT oauth2_provider_accesstoken_pkey PRIMARY KEY (id);


--
-- Name: oauth2_provider_accesstoken oauth2_provider_accesstoken_source_refresh_token_id_key; Type: CONSTRAINT; Schema: public; Owner: admin
--

ALTER TABLE ONLY public.oauth2_provider_accesstoken
    ADD CONSTRAINT oauth2_provider_accesstoken_source_refresh_token_id_key UNIQUE (source_refresh_token_id);


--
-- Name: oauth2_provider_accesstoken oauth2_provider_accesstoken_token_key; Type: CONSTRAINT; Schema: public; Owner: admin
--

ALTER TABLE ONLY public.oauth2_provider_accesstoken
    ADD CONSTRAINT oauth2_provider_accesstoken_token_key UNIQUE (token);


--
-- Name: oauth2_provider_application oauth2_provider_application_client_id_key; Type: CONSTRAINT; Schema: public; Owner: admin
--

ALTER TABLE ONLY public.oauth2_provider_application
    ADD CONSTRAINT oauth2_provider_application_client_id_key UNIQUE (client_id);


--
-- Name: oauth2_provider_application oauth2_provider_application_pkey; Type: CONSTRAINT; Schema: public; Owner: admin
--

ALTER TABLE ONLY public.oauth2_provider_application
    ADD CONSTRAINT oauth2_provider_application_pkey PRIMARY KEY (id);


--
-- Name: oauth2_provider_grant oauth2_provider_grant_code_key; Type: CONSTRAINT; Schema: public; Owner: admin
--

ALTER TABLE ONLY public.oauth2_provider_grant
    ADD CONSTRAINT oauth2_provider_grant_code_key UNIQUE (code);


--
-- Name: oauth2_provider_grant oauth2_provider_grant_pkey; Type: CONSTRAINT; Schema: public; Owner: admin
--

ALTER TABLE ONLY public.oauth2_provider_grant
    ADD CONSTRAINT oauth2_provider_grant_pkey PRIMARY KEY (id);


--
-- Name: oauth2_provider_idtoken oauth2_provider_idtoken_jti_key; Type: CONSTRAINT; Schema: public; Owner: admin
--

ALTER TABLE ONLY public.oauth2_provider_idtoken
    ADD CONSTRAINT oauth2_provider_idtoken_jti_key UNIQUE (jti);


--
-- Name: oauth2_provider_idtoken oauth2_provider_idtoken_pkey; Type: CONSTRAINT; Schema: public; Owner: admin
--

ALTER TABLE ONLY public.oauth2_provider_idtoken
    ADD CONSTRAINT oauth2_provider_idtoken_pkey PRIMARY KEY (id);


--
-- Name: oauth2_provider_refreshtoken oauth2_provider_refreshtoken_access_token_id_key; Type: CONSTRAINT; Schema: public; Owner: admin
--

ALTER TABLE ONLY public.oauth2_provider_refreshtoken
    ADD CONSTRAINT oauth2_provider_refreshtoken_access_token_id_key UNIQUE (access_token_id);


--
-- Name: oauth2_provider_refreshtoken oauth2_provider_refreshtoken_pkey; Type: CONSTRAINT; Schema: public; Owner: admin
--

ALTER TABLE ONLY public.oauth2_provider_refreshtoken
    ADD CONSTRAINT oauth2_provider_refreshtoken_pkey PRIMARY KEY (id);


--
-- Name: oauth2_provider_refreshtoken oauth2_provider_refreshtoken_token_revoked_af8a5134_uniq; Type: CONSTRAINT; Schema: public; Owner: admin
--

ALTER TABLE ONLY public.oauth2_provider_refreshtoken
    ADD CONSTRAINT oauth2_provider_refreshtoken_token_revoked_af8a5134_uniq UNIQUE (token, revoked);


--
-- Name: orders_order orders_order_pkey; Type: CONSTRAINT; Schema: public; Owner: admin
--

ALTER TABLE ONLY public.orders_order
    ADD CONSTRAINT orders_order_pkey PRIMARY KEY (id);


--
-- Name: orders_orderitem orders_orderitem_pkey; Type: CONSTRAINT; Schema: public; Owner: admin
--

ALTER TABLE ONLY public.orders_orderitem
    ADD CONSTRAINT orders_orderitem_pkey PRIMARY KEY (id);


--
-- Name: orders_orderpayment orders_orderpayment_pkey; Type: CONSTRAINT; Schema: public; Owner: admin
--

ALTER TABLE ONLY public.orders_orderpayment
    ADD CONSTRAINT orders_orderpayment_pkey PRIMARY KEY (id);


--
-- Name: orders_orderstatus orders_orderstatus_pkey; Type: CONSTRAINT; Schema: public; Owner: admin
--

ALTER TABLE ONLY public.orders_orderstatus
    ADD CONSTRAINT orders_orderstatus_pkey PRIMARY KEY (id);


--
-- Name: products_category products_category_pkey; Type: CONSTRAINT; Schema: public; Owner: admin
--

ALTER TABLE ONLY public.products_category
    ADD CONSTRAINT products_category_pkey PRIMARY KEY (id);


--
-- Name: products_image products_image_pkey; Type: CONSTRAINT; Schema: public; Owner: admin
--

ALTER TABLE ONLY public.products_image
    ADD CONSTRAINT products_image_pkey PRIMARY KEY (id);


--
-- Name: products_product products_product_pkey; Type: CONSTRAINT; Schema: public; Owner: admin
--

ALTER TABLE ONLY public.products_product
    ADD CONSTRAINT products_product_pkey PRIMARY KEY (id);


--
-- Name: products_productcategory products_productcategory_pkey; Type: CONSTRAINT; Schema: public; Owner: admin
--

ALTER TABLE ONLY public.products_productcategory
    ADD CONSTRAINT products_productcategory_pkey PRIMARY KEY (id);


--
-- Name: products_review products_review_pkey; Type: CONSTRAINT; Schema: public; Owner: admin
--

ALTER TABLE ONLY public.products_review
    ADD CONSTRAINT products_review_pkey PRIMARY KEY (id);


--
-- Name: shop_cart shop_cart_pkey; Type: CONSTRAINT; Schema: public; Owner: admin
--

ALTER TABLE ONLY public.shop_cart
    ADD CONSTRAINT shop_cart_pkey PRIMARY KEY (id);


--
-- Name: shop_cartitem shop_cartitem_pkey; Type: CONSTRAINT; Schema: public; Owner: admin
--

ALTER TABLE ONLY public.shop_cartitem
    ADD CONSTRAINT shop_cartitem_pkey PRIMARY KEY (id);


--
-- Name: accounts_purchasehistory_created_by_id_c894c008; Type: INDEX; Schema: public; Owner: admin
--

CREATE INDEX accounts_purchasehistory_created_by_id_c894c008 ON public.accounts_purchasehistory USING btree (created_by_id);


--
-- Name: accounts_purchasehistory_modified_by_id_4e641358; Type: INDEX; Schema: public; Owner: admin
--

CREATE INDEX accounts_purchasehistory_modified_by_id_4e641358 ON public.accounts_purchasehistory USING btree (modified_by_id);


--
-- Name: accounts_purchasehistory_product_id_id_7cac76c7; Type: INDEX; Schema: public; Owner: admin
--

CREATE INDEX accounts_purchasehistory_product_id_id_7cac76c7 ON public.accounts_purchasehistory USING btree (product_id);


--
-- Name: accounts_purchasehistory_user_id_794b4d62; Type: INDEX; Schema: public; Owner: admin
--

CREATE INDEX accounts_purchasehistory_user_id_794b4d62 ON public.accounts_purchasehistory USING btree (user_id);


--
-- Name: accounts_user_email_b2644a56_like; Type: INDEX; Schema: public; Owner: admin
--

CREATE INDEX accounts_user_email_b2644a56_like ON public.accounts_user USING btree (email varchar_pattern_ops);


--
-- Name: accounts_user_groups_group_id_bd11a704; Type: INDEX; Schema: public; Owner: admin
--

CREATE INDEX accounts_user_groups_group_id_bd11a704 ON public.accounts_user_groups USING btree (group_id);


--
-- Name: accounts_user_groups_user_id_52b62117; Type: INDEX; Schema: public; Owner: admin
--

CREATE INDEX accounts_user_groups_user_id_52b62117 ON public.accounts_user_groups USING btree (user_id);


--
-- Name: accounts_user_user_permissions_permission_id_113bb443; Type: INDEX; Schema: public; Owner: admin
--

CREATE INDEX accounts_user_user_permissions_permission_id_113bb443 ON public.accounts_user_user_permissions USING btree (permission_id);


--
-- Name: accounts_user_user_permissions_user_id_e4f0a161; Type: INDEX; Schema: public; Owner: admin
--

CREATE INDEX accounts_user_user_permissions_user_id_e4f0a161 ON public.accounts_user_user_permissions USING btree (user_id);


--
-- Name: accounts_user_username_6088629e_like; Type: INDEX; Schema: public; Owner: admin
--

CREATE INDEX accounts_user_username_6088629e_like ON public.accounts_user USING btree (username varchar_pattern_ops);


--
-- Name: auth_group_name_a6ea08ec_like; Type: INDEX; Schema: public; Owner: admin
--

CREATE INDEX auth_group_name_a6ea08ec_like ON public.auth_group USING btree (name varchar_pattern_ops);


--
-- Name: auth_group_permissions_group_id_b120cbf9; Type: INDEX; Schema: public; Owner: admin
--

CREATE INDEX auth_group_permissions_group_id_b120cbf9 ON public.auth_group_permissions USING btree (group_id);


--
-- Name: auth_group_permissions_permission_id_84c5c92e; Type: INDEX; Schema: public; Owner: admin
--

CREATE INDEX auth_group_permissions_permission_id_84c5c92e ON public.auth_group_permissions USING btree (permission_id);


--
-- Name: auth_permission_content_type_id_2f476e4b; Type: INDEX; Schema: public; Owner: admin
--

CREATE INDEX auth_permission_content_type_id_2f476e4b ON public.auth_permission USING btree (content_type_id);


--
-- Name: django_admin_log_content_type_id_c4bce8eb; Type: INDEX; Schema: public; Owner: admin
--

CREATE INDEX django_admin_log_content_type_id_c4bce8eb ON public.django_admin_log USING btree (content_type_id);


--
-- Name: django_admin_log_user_id_c564eba6; Type: INDEX; Schema: public; Owner: admin
--

CREATE INDEX django_admin_log_user_id_c564eba6 ON public.django_admin_log USING btree (user_id);


--
-- Name: django_session_expire_date_a5c62663; Type: INDEX; Schema: public; Owner: admin
--

CREATE INDEX django_session_expire_date_a5c62663 ON public.django_session USING btree (expire_date);


--
-- Name: django_session_session_key_c0390e0f_like; Type: INDEX; Schema: public; Owner: admin
--

CREATE INDEX django_session_session_key_c0390e0f_like ON public.django_session USING btree (session_key varchar_pattern_ops);


--
-- Name: oauth2_provider_accesstoken_application_id_b22886e1; Type: INDEX; Schema: public; Owner: admin
--

CREATE INDEX oauth2_provider_accesstoken_application_id_b22886e1 ON public.oauth2_provider_accesstoken USING btree (application_id);


--
-- Name: oauth2_provider_accesstoken_token_8af090f8_like; Type: INDEX; Schema: public; Owner: admin
--

CREATE INDEX oauth2_provider_accesstoken_token_8af090f8_like ON public.oauth2_provider_accesstoken USING btree (token varchar_pattern_ops);


--
-- Name: oauth2_provider_accesstoken_user_id_6e4c9a65; Type: INDEX; Schema: public; Owner: admin
--

CREATE INDEX oauth2_provider_accesstoken_user_id_6e4c9a65 ON public.oauth2_provider_accesstoken USING btree (user_id);


--
-- Name: oauth2_provider_application_client_id_03f0cc84_like; Type: INDEX; Schema: public; Owner: admin
--

CREATE INDEX oauth2_provider_application_client_id_03f0cc84_like ON public.oauth2_provider_application USING btree (client_id varchar_pattern_ops);


--
-- Name: oauth2_provider_application_client_secret_53133678; Type: INDEX; Schema: public; Owner: admin
--

CREATE INDEX oauth2_provider_application_client_secret_53133678 ON public.oauth2_provider_application USING btree (client_secret);


--
-- Name: oauth2_provider_application_client_secret_53133678_like; Type: INDEX; Schema: public; Owner: admin
--

CREATE INDEX oauth2_provider_application_client_secret_53133678_like ON public.oauth2_provider_application USING btree (client_secret varchar_pattern_ops);


--
-- Name: oauth2_provider_application_user_id_79829054; Type: INDEX; Schema: public; Owner: admin
--

CREATE INDEX oauth2_provider_application_user_id_79829054 ON public.oauth2_provider_application USING btree (user_id);


--
-- Name: oauth2_provider_grant_application_id_81923564; Type: INDEX; Schema: public; Owner: admin
--

CREATE INDEX oauth2_provider_grant_application_id_81923564 ON public.oauth2_provider_grant USING btree (application_id);


--
-- Name: oauth2_provider_grant_code_49ab4ddf_like; Type: INDEX; Schema: public; Owner: admin
--

CREATE INDEX oauth2_provider_grant_code_49ab4ddf_like ON public.oauth2_provider_grant USING btree (code varchar_pattern_ops);


--
-- Name: oauth2_provider_grant_user_id_e8f62af8; Type: INDEX; Schema: public; Owner: admin
--

CREATE INDEX oauth2_provider_grant_user_id_e8f62af8 ON public.oauth2_provider_grant USING btree (user_id);


--
-- Name: oauth2_provider_idtoken_application_id_08c5ff4f; Type: INDEX; Schema: public; Owner: admin
--

CREATE INDEX oauth2_provider_idtoken_application_id_08c5ff4f ON public.oauth2_provider_idtoken USING btree (application_id);


--
-- Name: oauth2_provider_idtoken_user_id_dd512b59; Type: INDEX; Schema: public; Owner: admin
--

CREATE INDEX oauth2_provider_idtoken_user_id_dd512b59 ON public.oauth2_provider_idtoken USING btree (user_id);


--
-- Name: oauth2_provider_refreshtoken_application_id_2d1c311b; Type: INDEX; Schema: public; Owner: admin
--

CREATE INDEX oauth2_provider_refreshtoken_application_id_2d1c311b ON public.oauth2_provider_refreshtoken USING btree (application_id);


--
-- Name: oauth2_provider_refreshtoken_user_id_da837fce; Type: INDEX; Schema: public; Owner: admin
--

CREATE INDEX oauth2_provider_refreshtoken_user_id_da837fce ON public.oauth2_provider_refreshtoken USING btree (user_id);


--
-- Name: orders_order_user_id_e9b59eb1; Type: INDEX; Schema: public; Owner: admin
--

CREATE INDEX orders_order_user_id_e9b59eb1 ON public.orders_order USING btree (user_id);


--
-- Name: orders_orderitem_order_id_fe61a34d; Type: INDEX; Schema: public; Owner: admin
--

CREATE INDEX orders_orderitem_order_id_fe61a34d ON public.orders_orderitem USING btree (order_id);


--
-- Name: orders_orderitem_product_id_afe4254a; Type: INDEX; Schema: public; Owner: admin
--

CREATE INDEX orders_orderitem_product_id_afe4254a ON public.orders_orderitem USING btree (product_id);


--
-- Name: orders_orderpayment_order_id_c2396d8c; Type: INDEX; Schema: public; Owner: admin
--

CREATE INDEX orders_orderpayment_order_id_c2396d8c ON public.orders_orderpayment USING btree (order_id);


--
-- Name: orders_orderstatus_order_id_a79a1e25; Type: INDEX; Schema: public; Owner: admin
--

CREATE INDEX orders_orderstatus_order_id_a79a1e25 ON public.orders_orderstatus USING btree (order_id);


--
-- Name: products_category_parent_category_id_784462d1; Type: INDEX; Schema: public; Owner: admin
--

CREATE INDEX products_category_parent_category_id_784462d1 ON public.products_category USING btree (parent_category_id);


--
-- Name: products_image_product_id_id_8236bd61; Type: INDEX; Schema: public; Owner: admin
--

CREATE INDEX products_image_product_id_id_8236bd61 ON public.products_image USING btree (product_id);


--
-- Name: products_product_category_id_id_2778dc53; Type: INDEX; Schema: public; Owner: admin
--

CREATE INDEX products_product_category_id_id_2778dc53 ON public.products_product USING btree (category_id);


--
-- Name: products_product_created_by_id_dd4af40e; Type: INDEX; Schema: public; Owner: admin
--

CREATE INDEX products_product_created_by_id_dd4af40e ON public.products_product USING btree (created_by_id);


--
-- Name: products_productcategory_category_id_id_4182854d; Type: INDEX; Schema: public; Owner: admin
--

CREATE INDEX products_productcategory_category_id_id_4182854d ON public.products_productcategory USING btree (category_id);


--
-- Name: products_productcategory_product_id_id_c23828fb; Type: INDEX; Schema: public; Owner: admin
--

CREATE INDEX products_productcategory_product_id_id_c23828fb ON public.products_productcategory USING btree (product_id);


--
-- Name: products_review_product_id_id_f23028a9; Type: INDEX; Schema: public; Owner: admin
--

CREATE INDEX products_review_product_id_id_f23028a9 ON public.products_review USING btree (product_id);


--
-- Name: products_review_user_id_id_3049af25; Type: INDEX; Schema: public; Owner: admin
--

CREATE INDEX products_review_user_id_id_3049af25 ON public.products_review USING btree (user_id);


--
-- Name: shop_cart_user_id_27925ac6; Type: INDEX; Schema: public; Owner: admin
--

CREATE INDEX shop_cart_user_id_27925ac6 ON public.shop_cart USING btree (user_id);


--
-- Name: shop_cartitem_cart_id_6bf1447e; Type: INDEX; Schema: public; Owner: admin
--

CREATE INDEX shop_cartitem_cart_id_6bf1447e ON public.shop_cartitem USING btree (cart_id);


--
-- Name: shop_cartitem_product_id_09e4b7dd; Type: INDEX; Schema: public; Owner: admin
--

CREATE INDEX shop_cartitem_product_id_09e4b7dd ON public.shop_cartitem USING btree (product_id);


--
-- Name: accounts_purchasehistory accounts_purchasehis_created_by_id_c894c008_fk_accounts_; Type: FK CONSTRAINT; Schema: public; Owner: admin
--

ALTER TABLE ONLY public.accounts_purchasehistory
    ADD CONSTRAINT accounts_purchasehis_created_by_id_c894c008_fk_accounts_ FOREIGN KEY (created_by_id) REFERENCES public.accounts_user(id) DEFERRABLE INITIALLY DEFERRED;


--
-- Name: accounts_purchasehistory accounts_purchasehis_modified_by_id_4e641358_fk_accounts_; Type: FK CONSTRAINT; Schema: public; Owner: admin
--

ALTER TABLE ONLY public.accounts_purchasehistory
    ADD CONSTRAINT accounts_purchasehis_modified_by_id_4e641358_fk_accounts_ FOREIGN KEY (modified_by_id) REFERENCES public.accounts_user(id) DEFERRABLE INITIALLY DEFERRED;


--
-- Name: accounts_purchasehistory accounts_purchasehis_product_id_42918417_fk_products_; Type: FK CONSTRAINT; Schema: public; Owner: admin
--

ALTER TABLE ONLY public.accounts_purchasehistory
    ADD CONSTRAINT accounts_purchasehis_product_id_42918417_fk_products_ FOREIGN KEY (product_id) REFERENCES public.products_product(id) DEFERRABLE INITIALLY DEFERRED;


--
-- Name: accounts_purchasehistory accounts_purchasehis_user_id_794b4d62_fk_accounts_; Type: FK CONSTRAINT; Schema: public; Owner: admin
--

ALTER TABLE ONLY public.accounts_purchasehistory
    ADD CONSTRAINT accounts_purchasehis_user_id_794b4d62_fk_accounts_ FOREIGN KEY (user_id) REFERENCES public.accounts_userprofile(id) DEFERRABLE INITIALLY DEFERRED;


--
-- Name: accounts_user_groups accounts_user_groups_group_id_bd11a704_fk_auth_group_id; Type: FK CONSTRAINT; Schema: public; Owner: admin
--

ALTER TABLE ONLY public.accounts_user_groups
    ADD CONSTRAINT accounts_user_groups_group_id_bd11a704_fk_auth_group_id FOREIGN KEY (group_id) REFERENCES public.auth_group(id) DEFERRABLE INITIALLY DEFERRED;


--
-- Name: accounts_user_groups accounts_user_groups_user_id_52b62117_fk_accounts_user_id; Type: FK CONSTRAINT; Schema: public; Owner: admin
--

ALTER TABLE ONLY public.accounts_user_groups
    ADD CONSTRAINT accounts_user_groups_user_id_52b62117_fk_accounts_user_id FOREIGN KEY (user_id) REFERENCES public.accounts_user(id) DEFERRABLE INITIALLY DEFERRED;


--
-- Name: accounts_user_user_permissions accounts_user_user_p_permission_id_113bb443_fk_auth_perm; Type: FK CONSTRAINT; Schema: public; Owner: admin
--

ALTER TABLE ONLY public.accounts_user_user_permissions
    ADD CONSTRAINT accounts_user_user_p_permission_id_113bb443_fk_auth_perm FOREIGN KEY (permission_id) REFERENCES public.auth_permission(id) DEFERRABLE INITIALLY DEFERRED;


--
-- Name: accounts_user_user_permissions accounts_user_user_p_user_id_e4f0a161_fk_accounts_; Type: FK CONSTRAINT; Schema: public; Owner: admin
--

ALTER TABLE ONLY public.accounts_user_user_permissions
    ADD CONSTRAINT accounts_user_user_p_user_id_e4f0a161_fk_accounts_ FOREIGN KEY (user_id) REFERENCES public.accounts_user(id) DEFERRABLE INITIALLY DEFERRED;


--
-- Name: accounts_userprofile accounts_userprofile_user_id_92240672_fk_accounts_user_id; Type: FK CONSTRAINT; Schema: public; Owner: admin
--

ALTER TABLE ONLY public.accounts_userprofile
    ADD CONSTRAINT accounts_userprofile_user_id_92240672_fk_accounts_user_id FOREIGN KEY (user_id) REFERENCES public.accounts_user(id) DEFERRABLE INITIALLY DEFERRED;


--
-- Name: auth_group_permissions auth_group_permissio_permission_id_84c5c92e_fk_auth_perm; Type: FK CONSTRAINT; Schema: public; Owner: admin
--

ALTER TABLE ONLY public.auth_group_permissions
    ADD CONSTRAINT auth_group_permissio_permission_id_84c5c92e_fk_auth_perm FOREIGN KEY (permission_id) REFERENCES public.auth_permission(id) DEFERRABLE INITIALLY DEFERRED;


--
-- Name: auth_group_permissions auth_group_permissions_group_id_b120cbf9_fk_auth_group_id; Type: FK CONSTRAINT; Schema: public; Owner: admin
--

ALTER TABLE ONLY public.auth_group_permissions
    ADD CONSTRAINT auth_group_permissions_group_id_b120cbf9_fk_auth_group_id FOREIGN KEY (group_id) REFERENCES public.auth_group(id) DEFERRABLE INITIALLY DEFERRED;


--
-- Name: auth_permission auth_permission_content_type_id_2f476e4b_fk_django_co; Type: FK CONSTRAINT; Schema: public; Owner: admin
--

ALTER TABLE ONLY public.auth_permission
    ADD CONSTRAINT auth_permission_content_type_id_2f476e4b_fk_django_co FOREIGN KEY (content_type_id) REFERENCES public.django_content_type(id) DEFERRABLE INITIALLY DEFERRED;


--
-- Name: django_admin_log django_admin_log_content_type_id_c4bce8eb_fk_django_co; Type: FK CONSTRAINT; Schema: public; Owner: admin
--

ALTER TABLE ONLY public.django_admin_log
    ADD CONSTRAINT django_admin_log_content_type_id_c4bce8eb_fk_django_co FOREIGN KEY (content_type_id) REFERENCES public.django_content_type(id) DEFERRABLE INITIALLY DEFERRED;


--
-- Name: django_admin_log django_admin_log_user_id_c564eba6_fk_accounts_user_id; Type: FK CONSTRAINT; Schema: public; Owner: admin
--

ALTER TABLE ONLY public.django_admin_log
    ADD CONSTRAINT django_admin_log_user_id_c564eba6_fk_accounts_user_id FOREIGN KEY (user_id) REFERENCES public.accounts_user(id) DEFERRABLE INITIALLY DEFERRED;


--
-- Name: oauth2_provider_accesstoken oauth2_provider_acce_application_id_b22886e1_fk_oauth2_pr; Type: FK CONSTRAINT; Schema: public; Owner: admin
--

ALTER TABLE ONLY public.oauth2_provider_accesstoken
    ADD CONSTRAINT oauth2_provider_acce_application_id_b22886e1_fk_oauth2_pr FOREIGN KEY (application_id) REFERENCES public.oauth2_provider_application(id) DEFERRABLE INITIALLY DEFERRED;


--
-- Name: oauth2_provider_accesstoken oauth2_provider_acce_id_token_id_85db651b_fk_oauth2_pr; Type: FK CONSTRAINT; Schema: public; Owner: admin
--

ALTER TABLE ONLY public.oauth2_provider_accesstoken
    ADD CONSTRAINT oauth2_provider_acce_id_token_id_85db651b_fk_oauth2_pr FOREIGN KEY (id_token_id) REFERENCES public.oauth2_provider_idtoken(id) DEFERRABLE INITIALLY DEFERRED;


--
-- Name: oauth2_provider_accesstoken oauth2_provider_acce_source_refresh_token_e66fbc72_fk_oauth2_pr; Type: FK CONSTRAINT; Schema: public; Owner: admin
--

ALTER TABLE ONLY public.oauth2_provider_accesstoken
    ADD CONSTRAINT oauth2_provider_acce_source_refresh_token_e66fbc72_fk_oauth2_pr FOREIGN KEY (source_refresh_token_id) REFERENCES public.oauth2_provider_refreshtoken(id) DEFERRABLE INITIALLY DEFERRED;


--
-- Name: oauth2_provider_accesstoken oauth2_provider_acce_user_id_6e4c9a65_fk_accounts_; Type: FK CONSTRAINT; Schema: public; Owner: admin
--

ALTER TABLE ONLY public.oauth2_provider_accesstoken
    ADD CONSTRAINT oauth2_provider_acce_user_id_6e4c9a65_fk_accounts_ FOREIGN KEY (user_id) REFERENCES public.accounts_user(id) DEFERRABLE INITIALLY DEFERRED;


--
-- Name: oauth2_provider_application oauth2_provider_appl_user_id_79829054_fk_accounts_; Type: FK CONSTRAINT; Schema: public; Owner: admin
--

ALTER TABLE ONLY public.oauth2_provider_application
    ADD CONSTRAINT oauth2_provider_appl_user_id_79829054_fk_accounts_ FOREIGN KEY (user_id) REFERENCES public.accounts_user(id) DEFERRABLE INITIALLY DEFERRED;


--
-- Name: oauth2_provider_grant oauth2_provider_gran_application_id_81923564_fk_oauth2_pr; Type: FK CONSTRAINT; Schema: public; Owner: admin
--

ALTER TABLE ONLY public.oauth2_provider_grant
    ADD CONSTRAINT oauth2_provider_gran_application_id_81923564_fk_oauth2_pr FOREIGN KEY (application_id) REFERENCES public.oauth2_provider_application(id) DEFERRABLE INITIALLY DEFERRED;


--
-- Name: oauth2_provider_grant oauth2_provider_grant_user_id_e8f62af8_fk_accounts_user_id; Type: FK CONSTRAINT; Schema: public; Owner: admin
--

ALTER TABLE ONLY public.oauth2_provider_grant
    ADD CONSTRAINT oauth2_provider_grant_user_id_e8f62af8_fk_accounts_user_id FOREIGN KEY (user_id) REFERENCES public.accounts_user(id) DEFERRABLE INITIALLY DEFERRED;


--
-- Name: oauth2_provider_idtoken oauth2_provider_idto_application_id_08c5ff4f_fk_oauth2_pr; Type: FK CONSTRAINT; Schema: public; Owner: admin
--

ALTER TABLE ONLY public.oauth2_provider_idtoken
    ADD CONSTRAINT oauth2_provider_idto_application_id_08c5ff4f_fk_oauth2_pr FOREIGN KEY (application_id) REFERENCES public.oauth2_provider_application(id) DEFERRABLE INITIALLY DEFERRED;


--
-- Name: oauth2_provider_idtoken oauth2_provider_idtoken_user_id_dd512b59_fk_accounts_user_id; Type: FK CONSTRAINT; Schema: public; Owner: admin
--

ALTER TABLE ONLY public.oauth2_provider_idtoken
    ADD CONSTRAINT oauth2_provider_idtoken_user_id_dd512b59_fk_accounts_user_id FOREIGN KEY (user_id) REFERENCES public.accounts_user(id) DEFERRABLE INITIALLY DEFERRED;


--
-- Name: oauth2_provider_refreshtoken oauth2_provider_refr_access_token_id_775e84e8_fk_oauth2_pr; Type: FK CONSTRAINT; Schema: public; Owner: admin
--

ALTER TABLE ONLY public.oauth2_provider_refreshtoken
    ADD CONSTRAINT oauth2_provider_refr_access_token_id_775e84e8_fk_oauth2_pr FOREIGN KEY (access_token_id) REFERENCES public.oauth2_provider_accesstoken(id) DEFERRABLE INITIALLY DEFERRED;


--
-- Name: oauth2_provider_refreshtoken oauth2_provider_refr_application_id_2d1c311b_fk_oauth2_pr; Type: FK CONSTRAINT; Schema: public; Owner: admin
--

ALTER TABLE ONLY public.oauth2_provider_refreshtoken
    ADD CONSTRAINT oauth2_provider_refr_application_id_2d1c311b_fk_oauth2_pr FOREIGN KEY (application_id) REFERENCES public.oauth2_provider_application(id) DEFERRABLE INITIALLY DEFERRED;


--
-- Name: oauth2_provider_refreshtoken oauth2_provider_refr_user_id_da837fce_fk_accounts_; Type: FK CONSTRAINT; Schema: public; Owner: admin
--

ALTER TABLE ONLY public.oauth2_provider_refreshtoken
    ADD CONSTRAINT oauth2_provider_refr_user_id_da837fce_fk_accounts_ FOREIGN KEY (user_id) REFERENCES public.accounts_user(id) DEFERRABLE INITIALLY DEFERRED;


--
-- Name: orders_order orders_order_user_id_e9b59eb1_fk_accounts_user_id; Type: FK CONSTRAINT; Schema: public; Owner: admin
--

ALTER TABLE ONLY public.orders_order
    ADD CONSTRAINT orders_order_user_id_e9b59eb1_fk_accounts_user_id FOREIGN KEY (user_id) REFERENCES public.accounts_user(id) DEFERRABLE INITIALLY DEFERRED;


--
-- Name: orders_orderitem orders_orderitem_order_id_fe61a34d_fk_orders_order_id; Type: FK CONSTRAINT; Schema: public; Owner: admin
--

ALTER TABLE ONLY public.orders_orderitem
    ADD CONSTRAINT orders_orderitem_order_id_fe61a34d_fk_orders_order_id FOREIGN KEY (order_id) REFERENCES public.orders_order(id) DEFERRABLE INITIALLY DEFERRED;


--
-- Name: orders_orderitem orders_orderitem_product_id_afe4254a_fk_products_product_id; Type: FK CONSTRAINT; Schema: public; Owner: admin
--

ALTER TABLE ONLY public.orders_orderitem
    ADD CONSTRAINT orders_orderitem_product_id_afe4254a_fk_products_product_id FOREIGN KEY (product_id) REFERENCES public.products_product(id) DEFERRABLE INITIALLY DEFERRED;


--
-- Name: orders_orderpayment orders_orderpayment_order_id_c2396d8c_fk_orders_order_id; Type: FK CONSTRAINT; Schema: public; Owner: admin
--

ALTER TABLE ONLY public.orders_orderpayment
    ADD CONSTRAINT orders_orderpayment_order_id_c2396d8c_fk_orders_order_id FOREIGN KEY (order_id) REFERENCES public.orders_order(id) DEFERRABLE INITIALLY DEFERRED;


--
-- Name: orders_orderstatus orders_orderstatus_order_id_a79a1e25_fk_orders_order_id; Type: FK CONSTRAINT; Schema: public; Owner: admin
--

ALTER TABLE ONLY public.orders_orderstatus
    ADD CONSTRAINT orders_orderstatus_order_id_a79a1e25_fk_orders_order_id FOREIGN KEY (order_id) REFERENCES public.orders_order(id) DEFERRABLE INITIALLY DEFERRED;


--
-- Name: products_category products_category_parent_category_id_784462d1_fk_products_; Type: FK CONSTRAINT; Schema: public; Owner: admin
--

ALTER TABLE ONLY public.products_category
    ADD CONSTRAINT products_category_parent_category_id_784462d1_fk_products_ FOREIGN KEY (parent_category_id) REFERENCES public.products_category(id) DEFERRABLE INITIALLY DEFERRED;


--
-- Name: products_image products_image_product_id_978188e9_fk_products_product_id; Type: FK CONSTRAINT; Schema: public; Owner: admin
--

ALTER TABLE ONLY public.products_image
    ADD CONSTRAINT products_image_product_id_978188e9_fk_products_product_id FOREIGN KEY (product_id) REFERENCES public.products_product(id) DEFERRABLE INITIALLY DEFERRED;


--
-- Name: products_product products_product_category_id_9b594869_fk_products_category_id; Type: FK CONSTRAINT; Schema: public; Owner: admin
--

ALTER TABLE ONLY public.products_product
    ADD CONSTRAINT products_product_category_id_9b594869_fk_products_category_id FOREIGN KEY (category_id) REFERENCES public.products_category(id) DEFERRABLE INITIALLY DEFERRED;


--
-- Name: products_product products_product_created_by_id_dd4af40e_fk_accounts_user_id; Type: FK CONSTRAINT; Schema: public; Owner: admin
--

ALTER TABLE ONLY public.products_product
    ADD CONSTRAINT products_product_created_by_id_dd4af40e_fk_accounts_user_id FOREIGN KEY (created_by_id) REFERENCES public.accounts_user(id) DEFERRABLE INITIALLY DEFERRED;


--
-- Name: products_productcategory products_productcate_category_id_89ea68e5_fk_products_; Type: FK CONSTRAINT; Schema: public; Owner: admin
--

ALTER TABLE ONLY public.products_productcategory
    ADD CONSTRAINT products_productcate_category_id_89ea68e5_fk_products_ FOREIGN KEY (category_id) REFERENCES public.products_category(id) DEFERRABLE INITIALLY DEFERRED;


--
-- Name: products_productcategory products_productcate_product_id_acd5dd19_fk_products_; Type: FK CONSTRAINT; Schema: public; Owner: admin
--

ALTER TABLE ONLY public.products_productcategory
    ADD CONSTRAINT products_productcate_product_id_acd5dd19_fk_products_ FOREIGN KEY (product_id) REFERENCES public.products_product(id) DEFERRABLE INITIALLY DEFERRED;


--
-- Name: products_review products_review_product_id_d933ffa7_fk_products_product_id; Type: FK CONSTRAINT; Schema: public; Owner: admin
--

ALTER TABLE ONLY public.products_review
    ADD CONSTRAINT products_review_product_id_d933ffa7_fk_products_product_id FOREIGN KEY (product_id) REFERENCES public.products_product(id) DEFERRABLE INITIALLY DEFERRED;


--
-- Name: products_review products_review_user_id_2e53b831_fk_accounts_user_id; Type: FK CONSTRAINT; Schema: public; Owner: admin
--

ALTER TABLE ONLY public.products_review
    ADD CONSTRAINT products_review_user_id_2e53b831_fk_accounts_user_id FOREIGN KEY (user_id) REFERENCES public.accounts_user(id) DEFERRABLE INITIALLY DEFERRED;


--
-- Name: shop_cart shop_cart_user_id_27925ac6_fk_accounts_user_id; Type: FK CONSTRAINT; Schema: public; Owner: admin
--

ALTER TABLE ONLY public.shop_cart
    ADD CONSTRAINT shop_cart_user_id_27925ac6_fk_accounts_user_id FOREIGN KEY (user_id) REFERENCES public.accounts_user(id) DEFERRABLE INITIALLY DEFERRED;


--
-- Name: shop_cartitem shop_cartitem_cart_id_6bf1447e_fk_shop_cart_id; Type: FK CONSTRAINT; Schema: public; Owner: admin
--

ALTER TABLE ONLY public.shop_cartitem
    ADD CONSTRAINT shop_cartitem_cart_id_6bf1447e_fk_shop_cart_id FOREIGN KEY (cart_id) REFERENCES public.shop_cart(id) DEFERRABLE INITIALLY DEFERRED;


--
-- Name: shop_cartitem shop_cartitem_product_id_09e4b7dd_fk_products_product_id; Type: FK CONSTRAINT; Schema: public; Owner: admin
--

ALTER TABLE ONLY public.shop_cartitem
    ADD CONSTRAINT shop_cartitem_product_id_09e4b7dd_fk_products_product_id FOREIGN KEY (product_id) REFERENCES public.products_product(id) DEFERRABLE INITIALLY DEFERRED;


--
-- PostgreSQL database dump complete
--

